,0,1,2,3,4,5,6,7,8,9,10,11,12,13,14,15,16,17,18,19,20,21,22,23
0,0.4010526363783322,0.634003217230702,-0.05391732942634975,0.9036205447978702,-0.8306375922992468,-0.4877448920984102,-0.7594865587949235,-0.7461537173225146,0.8308872968120824,0.8838190049888668,0.0015956297707140354,0.8609686401290071,0.5695100255089935,0.05867415656040209,-0.32120052689388845,0.40104951944487066,-0.187194662002512,0.8945582748612386,-0.6094903083964465,0.8166039322179999,-0.14156838899748325,0.382480614189856,0.07832768554759362,0.11077896868993187
1,-0.3461581506609601,0.931867530049127,0.09636243982947801,-0.692006748622938,-0.3645702304207974,0.7819312180382536,0.7381624815631214,-0.9377605207918973,-0.6334831127161877,0.7159476298600382,0.6933482182466615,-0.19174332907802238,0.7811565476375804,-0.8118716504290717,-0.14523189202229259,0.8708379702189863,0.017316660954609375,0.3109017902371949,-0.4315807077481888,0.30437821240630236,0.6902085926302317,0.0639123464349316,0.9530403980208111,0.9584970905401635
2,0.6439750275651082,0.7470688792263807,0.1585009587228885,-0.28414069628654803,0.33494599061313135,0.7979024284028644,0.917868341872776,0.13424878637349957,-0.27951721760953685,0.08041207588705412,-0.3515685832927131,-0.3258700501820426,0.37484088470462096,-0.45972252957683435,0.5542879245559631,0.5430877350863115,0.14404414117320452,-0.6793047268504504,0.831009981780678,-0.7448555249863433,-0.00032716212913497245,0.06501878555393104,-0.5812644724486977,-0.8864778259453727
3,0.5754977401218915,0.718795778774193,-0.8515445170993912,-0.542598078568642,0.7223608798281802,0.9158277201692706,0.6693061909915483,-0.037354055748106685,-0.7061143626824113,0.998936497897623,-0.6693780967327778,-0.8964938308511496,0.589337157070797,-0.8609409764069151,-0.03440996761144888,0.6733506928284048,-0.35171534726993636,0.021314275628551593,0.4992925816060816,-0.42547444226230136,-0.39224255587413626,0.47704506294759264,-0.0008648492728187129,-0.9096005661514441
4,0.4010526363783322,0.634003217230702,-0.05391732942634975,0.9964847452830459,-0.7539728546190412,-0.4877448920984102,-0.6336130412311309,-0.7461537173225146,0.8308872968120824,0.8838190049888668,-0.04039397978405512,0.925981167861671,0.5695100255089935,0.003517129920991069,-0.18873112752813093,0.4305322872984487,-0.187194662002512,0.8790647297924492,-0.6094903083964465,0.8166039322179999,-0.14156838899748325,0.382480614189856,0.2464259428641411,0.1481516173526214
5,0.46751206966661485,0.634003217230702,-0.05391732942634975,0.9540413316040517,-0.7539728546190412,-0.3719449408165343,-0.527871319952326,-0.7461537173225146,0.8308872968120824,0.8838190049888668,0.0015956297707140354,0.925981167861671,0.5695100255089935,0.017409037929258186,-0.18873112752813093,0.347195276212948,-0.187194662002512,0.8775693406955636,-0.6094903083964465,0.8166039322179999,-0.14156838899748325,0.382480614189856,0.2464259428641411,0.1481516173526214
6,0.3289354999531291,0.572145667765273,-0.05391732942634975,0.8807914117015592,-0.8882668651842791,-0.4877448920984102,-0.7594865587949235,-0.7461537173225146,0.8268262061252742,0.8680281827818714,-0.004550723978135718,0.7807202271881348,0.5353795193651862,0.12620684993787146,-0.32120052689388845,0.40104951944487066,-0.3298716855200945,0.8180320997506629,-0.6094903083964465,0.8166039322179999,-0.14156838899748325,0.41588440656515635,0.0894409079967502,0.2932391453086556
7,0.64246869549339,-0.0322693892491408,-0.11638189502380292,0.8255144313116463,0.7407939795655183,0.358074337585889,-0.9093899556240901,0.4797612832826321,0.9810956426954818,0.7359471017085051,0.6345130721181191,-0.3769880433942081,0.8580777053014255,-0.4810920044309024,0.5382266032246288,0.01492836290831967,0.233284740968978,-0.9169760169653047,0.04382842984295254,0.10791036866768389,-0.4912025822902255,-0.6851163069378572,-0.3817484889612539,0.19988943746888976
8,-0.614416787136113,0.18719021416589365,0.7878290948661484,-0.9239659704534526,0.9354009775013319,-0.34201687193837405,0.8800679941489691,0.07517362638997449,-0.6051420115610564,0.9560947514168068,0.019117015409355842,-0.8329738761586094,-0.8483712671400394,-0.6843564573986916,-0.6762492912933327,0.2481272217172643,-0.5121523730883555,0.7311639122876064,-0.787414495606735,-0.06723417051147784,-0.9713479731474604,-0.8633302657708846,-0.2858527964681006,0.847097714793043
9,0.5689908644801722,-0.8306084928092301,0.46790405506664157,0.40662002427679766,0.870253499005019,-0.32203474536421606,0.07705291002821113,-0.43872067974391427,0.20587571620042255,0.8683428828264226,-0.48402478139129634,0.4709712418465033,-0.8229973268141333,-0.5891631066413938,0.2761479494077017,0.031239922426474553,0.9791363007952747,0.36571993059210195,0.780496005250485,0.07451893877337312,0.9917575334789013,0.38697916781530806,0.6051306775850733,0.18453387040014269
10,0.584754987046167,-0.004445619083957686,-0.6446152347904861,-0.8003643431397942,0.4737712973938828,0.7260533689320869,0.3582848464660271,0.8612822588215894,-0.5204159487252034,0.3377579412552336,0.3628476712678885,0.956545806468776,-0.3544530045471326,-0.8004683282476752,-0.25726967833748793,0.9262481191686396,-0.08002954491937309,0.49460098941379305,-0.681676128353421,-0.21699271231027084,-0.14932882510266987,0.8867531165866409,-0.4086663315442207,-0.7921724900955089
11,-0.8135684783474182,-0.15742744990206647,-0.64696202522827,-0.8925501270954805,-0.45375580716632036,0.9155084446112907,0.7453164506107293,-0.23205707637739503,-0.1995770395377645,-0.4886192853927962,-0.5745790865160361,-0.9686817110726056,-0.96077244591134,0.6108483140286569,0.7303323332917186,-0.3007773696928202,-0.6534113928336927,0.744094626262997,-0.5103755897493536,0.7221498186505428,0.42165033016586184,0.6853803547126853,-0.29253989939372627,-0.3272176957127888
12,0.5019966377881602,-0.781064490845838,0.535676130473719,-0.7908598527547939,0.8726149372198222,-0.9217937233961422,-0.8547146776665011,-0.6864936250774467,0.28464581459978455,-0.8682219591656053,-0.9099452445684364,0.4059210270782925,0.3925343689590912,-0.9509359754653666,-0.422964313221992,-0.5331392379952977,0.04193127700930499,-0.07380749744264725,-0.4166857513538518,-0.3363749573279087,-0.5184497427288037,-0.899209485998208,-0.2340583647456047,0.5139723595083276
13,0.9677016585501892,0.37490503809469455,-0.24927362929367325,0.6505401386586673,0.5600235191501373,-0.8723698706727323,0.3909413493079217,0.18088919879554854,-0.9910380814587672,-0.8555256239025435,-0.411884182993818,-0.46945296492601396,0.6920024386418349,-0.6561479847346565,-0.9530438811475854,-0.29525396608968246,-0.9188906213855093,-0.2273894293023111,-0.7507619462177757,-0.5811870931697702,0.45679145267666477,0.13269375333497768,-0.7417452449493516,0.3890426002479701
14,0.3289354999531291,0.634003217230702,-0.3395509641573278,0.9036205447978702,-0.8403450796223173,-0.4877448920984102,-0.7594865587949235,-0.7461537173225146,0.8256630847458466,0.7768632538967801,-0.178276012661017,0.8609686401290071,0.5695100255089935,0.05867415656040209,-0.32120052689388845,0.40104951944487066,0.11015929083930143,0.8180320997506629,-0.6094903083964465,0.8166039322179999,-0.14156838899748325,0.4861163611730388,0.07832768554759362,0.14054361272318117
15,0.4010526363783322,0.634003217230702,-0.018488814275732013,0.5883213361875825,-0.8306375922992468,-0.4877448920984102,-0.777845290112523,-0.7461537173225146,0.8308872968120824,0.8838190049888668,0.0015956297707140354,0.8609686401290071,0.5695100255089935,0.05867415656040209,-0.32120052689388845,0.40104951944487066,-0.20424291220915936,0.8945582748612386,-0.6094903083964465,0.8166039322179999,-0.3212690432520391,0.382480614189856,0.07832768554759362,0.11077896868993187
16,-0.2080600325281068,0.8666938239251243,0.1600513457831949,0.30312793255151926,0.3562954822110276,0.6154213569870663,0.432053103717263,0.8217294810118827,0.16975446317746434,0.44594149768048874,-0.32226334539560275,0.5577072597971009,-0.30477697728169684,0.5706953941851385,0.7330918127732291,-0.14485660222152896,0.3586744048579755,-0.6359389945404992,0.5623398613122712,-0.616253456401981,-0.8335517999267237,0.8967684532931961,0.985309162302038,0.8351099603143646
17,0.4472792200451412,-0.8306084928092301,-0.2795767461149905,0.3155789526845225,0.8371433833768966,-0.32203474536421606,0.13413648807326695,-0.3026459395909926,0.1359940096838368,0.9453200178443584,-0.48402478139129634,0.4709712418465033,-0.8229973268141333,-0.5265366387661485,0.24512213989486908,-0.09399099450059145,0.9791363007952747,0.6059491294588457,0.8214236980515104,0.10664000663331064,0.9738261451972612,0.2602852308748289,0.5760324658078233,0.2273274874533231
18,0.23790151195249254,0.634003217230702,-0.05391732942634975,0.9036205447978702,-0.7826697237370297,-0.1818013812113204,-0.7594865587949235,-0.7461537173225146,0.8308872968120824,0.9267640103833106,0.0015956297707140354,0.8609686401290071,0.5695100255089935,0.05867415656040209,-0.32120052689388845,0.3579206910196193,-0.187194662002512,0.8180320997506629,-0.6094903083964465,0.8166039322179999,-0.0725255401135767,0.41588440656515635,0.07832768554759362,0.14054361272318117
19,0.7662980051552273,0.743498788031578,0.0018707604882646223,-0.5365468285294899,0.8513627131712689,-0.9068237293713002,0.7981108168098079,0.9104347788559877,-0.517976222943165,-0.5027530198892545,-0.7146089113549257,0.6971499409115423,0.1903971767212731,-0.16873329190333552,-0.9650914137376674,-0.40489545347289324,-0.7375392736723891,-0.563996416972991,0.006891892768789543,-0.17145012532789727,0.4382047746389306,0.34139042718557033,-0.27897804031153406,-0.9978011855433822
20,-0.07474735823178635,-0.8032990360665777,0.7416343464797115,0.7185327519861759,-0.024670412870178904,-0.8351218400392209,0.46585021009610217,0.701280647769801,-0.9590509562484437,-0.606726411775814,-0.10903823795466283,0.03658232677457951,-0.35286370453322036,-0.43915268485582004,-0.647377883304098,0.6750362951624853,-0.5811309710461909,-0.5837114095833433,-0.5151568551626169,-0.34414164393695224,-0.07786466460152397,0.5455984208202411,-0.7276450818031217,-0.6156593761535938
21,0.7411829372235514,-0.8306084928092301,-0.2332796709159124,0.7388793163943008,0.8614605569167233,-0.32203474536421606,0.18811973402374593,-0.43872067974391427,0.20587571620042255,0.939438016924252,-0.48402478139129634,0.22406081606430606,-0.8229973268141333,-0.5265366387661485,0.3144339873827344,0.1378170373689369,0.9791363007952747,0.6942110606582577,0.7668899995929668,0.07451893877337312,0.9300818971612557,0.38697916781530806,0.5750709587757699,0.2273274874533231
22,0.4472792200451412,-0.8306084928092301,-0.2332796709159124,0.5135568767303391,0.8371433833768966,-0.32203474536421606,0.13413648807326695,-0.46679893976711484,0.15693851878037934,0.94956169857796,-0.48402478139129634,0.6342627167979764,-0.8202157725925989,-0.5265366387661485,0.24512213989486908,0.07119022929588437,0.9791363007952747,0.6059491294588457,0.780496005250485,0.1500739492366736,0.9122608914447905,0.38697916781530806,0.5782905198439812,0.2641667839064874
23,0.38672059016805593,0.16147864225628106,-0.7678690455216965,0.9558615669917618,-0.5936113390252122,0.7891490606497493,-0.5797178027252388,-0.4214456523418628,-0.2575990553268672,0.7577509725024039,-0.38779353580394726,0.5794377950195002,0.14162526245790308,-0.9063334961201608,-0.25681060473729067,0.9115546687050988,0.3618384929944578,-0.09881857127556093,0.8596471687979985,-0.6944182692510752,-0.2389838522608736,0.43934252973655274,0.2978764783977659,0.8035096758557791
24,0.4010526363783322,0.634003217230702,-0.018488814275732013,0.5883213361875825,-0.9329346243862024,-0.4877448920984102,-0.777845290112523,-0.7461537173225146,0.8308872968120824,0.8929121591337295,0.0015956297707140354,0.8609686401290071,0.5695100255089935,0.05867415656040209,-0.32120052689388845,0.40104951944487066,-0.20424291220915936,0.8945582748612386,-0.6094903083964465,0.8799555117834392,-0.20010877249487424,0.382480614189856,0.07832768554759362,0.11077896868993187
25,0.3289354999531291,0.634003217230702,-0.29640066646460816,0.9036205447978702,-0.8403450796223173,-0.4628739371195201,-0.7594865587949235,-0.7461537173225146,0.8118192921730494,0.7768632538967801,-0.178276012661017,0.8609686401290071,0.5695100255089935,0.030845158604203116,-0.32120052689388845,0.40302346859906857,0.1303206457861763,0.8180320997506629,-0.5587728389828064,0.8166039322179999,-0.14156838899748325,0.4861163611730388,0.07832768554759362,0.3407026639282862
26,-0.24385427201444387,0.8066458107883685,-0.6978742100927946,-0.5284236081475093,0.9590540546437583,-0.9128927182324913,-0.888058907715592,-0.4126702444021655,-0.2768845175160459,0.9642248173889054,0.03978966351944324,0.9526739000089501,0.39835100419231373,0.27168624817809306,-0.40405404825496416,0.4093189847110119,-0.9457475628001515,0.004018139264487353,0.16609450735378561,-0.5978090842595936,0.9620380106593271,-0.8363156623738002,-0.518553759535074,0.7402931801564216
27,0.3289354999531291,0.5632632074822541,-0.05391732942634975,0.8807914117015592,-0.8882668651842791,-0.4877448920984102,-0.7594865587949235,-0.7461537173225146,0.8268262061252742,0.8475705348195701,0.026417844654594846,0.7807202271881348,0.5353795193651862,0.12620684993787146,-0.32120052689388845,0.30971293438476355,-0.3298716855200945,0.8180320997506629,-0.6094903083964465,0.8166039322179999,-0.14156838899748325,0.3621963067595009,0.0894409079967502,0.2932391453086556
28,-0.2080600325281068,0.8666938239251243,0.22600453585652414,0.38388620315586897,0.5333470856673481,0.6499658782181439,0.432053103717263,0.8217294810118827,0.16975446317746434,0.44594149768048874,-0.32226334539560275,0.5577072597971009,-0.30477697728169684,0.5706953941851385,0.7330918127732291,-0.14485660222152896,0.3586744048579755,-0.6359389945404992,0.5623398613122712,-0.616253456401981,-0.8335517999267237,0.7944482593979809,0.985309162302038,0.8351099603143646
29,0.5516856411690576,-0.0322693892491408,-0.11638189502380292,0.8255144313116463,0.7407939795655183,0.358074337585889,-0.9093899556240901,0.503313466203198,0.9810956426954818,0.7359471017085051,0.6345130721181191,-0.3769880433942081,0.8580777053014255,-0.6905337274350296,0.6012061464939245,0.01492836290831967,0.233284740968978,-0.9169760169653047,0.04382842984295254,0.10791036866768389,-0.4912025822902255,-0.6851163069378572,-0.3817484889612539,0.09256384153871289
30,0.006168695962050164,-0.1005763456096469,-0.6885446852950052,-0.162497520026065,-0.5079195436055397,-0.3780754028270823,0.6118630305251234,0.8662890962036631,-0.8891513747951174,0.3803312460149435,0.9472095686450996,0.3874008000039222,-0.7816950321093452,-0.7183394616796659,0.7644404507221128,-0.8011286013586403,0.36841719388481664,-0.6480268589073255,-0.44889044021027624,-0.9840898734449419,-0.8390644683320256,-0.4404629882609681,-0.7614656718976403,-0.08340491025631147
31,0.4472792200451412,-0.9208866337333232,-0.2332796709159124,0.5409853488403336,0.8371433833768966,-0.32203474536421606,0.13413648807326695,-0.3026459395909926,0.06423744604397341,0.9453200178443584,-0.48402478139129634,0.4709712418465033,-0.8229973268141333,-0.5265366387661485,0.24512213989486908,0.031239922426474553,0.9791363007952747,0.6059491294588457,0.780496005250485,0.10664000663331064,0.9967609858217998,0.2602852308748289,0.5599888634636538,0.2273274874533231
32,0.46751206966661485,0.634003217230702,-0.05391732942634975,0.9540413316040517,-0.9042838878382344,-0.3719449408165343,-0.527871319952326,-0.7461537173225146,0.8308872968120824,0.8838190049888668,0.0015956297707140354,0.8440855884224938,0.5695100255089935,0.017409037929258186,-0.18873112752813093,0.347195276212948,-0.2590913669452508,0.8775693406955636,-0.6094903083964465,0.8166039322179999,-0.14156838899748325,0.382480614189856,0.2464259428641411,0.10222424021685672
33,-0.5276467056036624,-0.9849263133628954,0.3858844449364227,0.19969686862466962,0.9891704100491387,0.6177202055890461,0.6659170660251423,0.4012879859820744,0.6751493374292044,0.5539669995759235,-0.3831346990031843,0.03841412670809885,0.22890371769104445,0.7297498247407375,0.9311654269099134,-0.4027146987435295,0.09194091932727821,0.7532488856898907,0.4381139072851059,-0.5550556867307015,0.36709376760465595,-0.0383749293043556,0.520189182907614,0.43644552789901536
34,-0.8050747845101618,-0.2496637747846333,0.3814962243439479,-0.10398685837628463,-0.6389267806043708,0.15945423359431632,0.8001618473161836,0.09719396750634934,-0.1585589369197422,0.771297588802669,0.6776812481579328,-0.9327961167902188,-0.8173000568109163,0.9448671630069303,0.37609885157529965,0.14171294701906523,0.9886109486455545,-0.26144775439615,-0.9649288083455432,0.17028317792751912,0.945765732551016,0.7762997100123423,-0.26628897600840284,0.049459823565785266
35,0.4472792200451412,-0.8306084928092301,-0.2332796709159124,0.5135568767303391,0.8371433833768966,-0.32203474536421606,0.1425663470671259,-0.46679893976711484,0.15693851878037934,0.9471193466981318,-0.48402478139129634,0.6342627167979764,-0.8202157725925989,-0.5265366387661485,0.24512213989486908,0.07119022929588437,0.9794651032121398,0.6059491294588457,0.780496005250485,0.1500739492366736,0.9232626408414,0.35641441456593004,0.5782905198439812,0.2641667839064874
36,0.5019966377881602,-0.781064490845838,0.535676130473719,-0.7681274970201326,0.8726149372198222,-0.9217937233961422,-0.8547146776665011,-0.6864936250774467,0.2056250047498549,-0.8682219591656053,-0.9099452445684364,0.4059210270782925,0.3925343689590912,-0.973516818255153,-0.422964313221992,-0.5331392379952977,0.047926892848249025,-0.10164547255845702,-0.4166857513538518,-0.3363749573279087,-0.5184497427288037,-0.899209485998208,-0.2340583647456047,0.4355414122958996
37,0.46751206966661485,0.634003217230702,-0.05391732942634975,0.9540413316040517,-0.9042838878382344,-0.18233486882831285,-0.527871319952326,-0.7461537173225146,0.8308872968120824,0.8838190049888668,0.0015956297707140354,0.8440855884224938,0.5695100255089935,0.017409037929258186,-0.18873112752813093,0.3350130053786389,-0.2590913669452508,0.8775693406955636,-0.6094903083964465,0.8405441479466322,-0.14156838899748325,0.382480614189856,0.2464259428641411,0.10222424021685672
38,0.4939107447156028,0.634003217230702,-0.018488814275732013,0.5883213361875825,-0.8306375922992468,-0.4877448920984102,-0.777845290112523,-0.7344769302255736,0.7045201115420694,0.8838190049888668,0.0015956297707140354,0.8609686401290071,0.5695100255089935,0.05867415656040209,-0.32120052689388845,0.40104951944487066,-0.22514192174508119,0.8945582748612386,-0.6094903083964465,0.8166039322179999,-0.3212690432520391,0.382480614189856,0.07832768554759362,0.11077896868993187
39,0.42743834792778945,0.17718523823781474,-0.7678690455216965,0.9558615669917618,-0.8940127974894028,0.7891490606497493,-0.5797178027252388,-0.4214456523418628,-0.3471670467651098,0.6963081456761409,-0.38779353580394726,0.5794377950195002,0.14162526245790308,-0.9063334961201608,-0.25681060473729067,0.9115546687050988,0.3618384929944578,0.015426332225259687,0.8596471687979985,-0.6936472131707885,-0.2389838522608736,0.43934252973655274,0.2978764783977659,0.8035096758557791
40,0.7662980051552273,0.743498788031578,0.0018707604882646223,-0.5365468285294899,0.8019029295232234,-0.9068237293713002,0.7981108168098079,0.9104347788559877,-0.507673399014789,-0.5027530198892545,-0.7146089113549257,0.9090607990641468,0.3418215894175589,-0.16873329190333552,-0.9650914137376674,-0.40489545347289324,-0.7375392736723891,-0.5342676306661747,0.006891892768789543,-0.17145012532789727,0.4382047746389306,0.47773929591228215,-0.27897804031153406,-0.9978011855433822
41,0.47712934285322484,-0.8306084928092301,-0.2332796709159124,0.9932807877584378,0.8371433833768966,-0.32203474536421606,0.13413648807326695,-0.597400616806844,0.20587571620042255,0.9453200178443584,-0.5107591424293834,0.5224679357263644,-0.8229973268141333,-0.5265366387661485,0.20359848832487493,0.23892058511473135,0.9963782373196639,0.4471640265216714,0.780496005250485,0.07451893877337312,0.9917575334789013,0.38697916781530806,0.5750709587757699,0.2273274874533231
42,-0.7882899621049031,-0.011342432786952461,-0.8364745346860789,0.3591947779855196,0.44406522815386795,-0.006201450583376733,-0.5942078550771361,-0.6674037737721987,0.1584381039248124,0.3960909309244829,0.39037982613369326,-0.4969519261898505,0.28256557426555107,-0.9331039865299469,-0.7283866538645243,-0.7562726938854609,-0.1072835150549607,-0.5002613241891509,0.9854885198468042,0.30296785040583574,0.7751537228964025,0.6284811686156984,-0.3366443755488562,0.9347847833878538
43,-0.24385427201444387,0.8066458107883685,-0.6978742100927946,-0.5284236081475093,0.8575136937478423,-0.8311644748413005,-0.888058907715592,-0.4126702444021655,-0.2768845175160459,0.9642248173889054,0.06507176202277365,0.9526739000089501,0.5691572360673245,0.27168624817809306,-0.464734752869312,0.4093189847110119,-0.9457475628001515,0.004018139264487353,0.16609450735378561,-0.5978090842595936,0.9620380106593271,-0.8363156623738002,-0.518553759535074,0.7402931801564216
44,0.49240913965603617,-0.004445619083957686,-0.6446152347904861,-0.8003643431397942,0.5196748617032618,0.7260533689320869,0.3582848464660271,0.8612822588215894,-0.5712330549213629,0.1828647791349065,0.3628476712678885,0.8693138485770593,-0.3544530045471326,-0.8004683282476752,-0.25726967833748793,0.9262481191686396,-0.08002954491937309,0.49460098941379305,-0.681676128353421,-0.21699271231027084,-0.14932882510266987,0.8867531165866409,-0.4086663315442207,-0.7921724900955089
45,0.5256618638279971,-0.004445619083957686,-0.6446152347904861,-0.8003643431397942,0.4737712973938828,0.7260533689320869,0.29124571549320954,0.8612822588215894,-0.5204159487252034,0.3377579412552336,0.3628476712678885,0.9558577225077469,-0.3544530045471326,-0.8004683282476752,-0.36840999073241854,0.9262481191686396,-0.08002954491937309,0.5639629768393233,-0.681676128353421,-0.21699271231027084,-0.14932882510266987,0.8867531165866409,-0.4086663315442207,-0.9750568838128819
46,0.4010526363783322,0.6305289010840387,-0.06050009690408231,0.9972038565606884,-0.7539728546190412,-0.4877448920984102,-0.788087489426968,-0.7461537173225146,0.8308872968120824,0.8838190049888668,-0.04039397978405512,0.8956509091192422,0.6333841372275937,0.003517129920991069,-0.18873112752813093,0.4305322872984487,-0.187194662002512,0.8790647297924492,-0.6369196938939221,0.8352329805997261,-0.14156838899748325,0.3947871527514073,0.2469769186635269,0.1481516173526214
47,0.5689908644801722,-0.8306084928092301,0.46790405506664157,0.40662002427679766,0.870253499005019,-0.32203474536421606,0.07705291002821113,-0.43872067974391427,0.20587571620042255,0.8683428828264226,-0.48402478139129634,0.4384923884602907,-0.8229973268141333,-0.5891631066413938,0.2761479494077017,0.031239922426474553,0.9791363007952747,0.36571993059210195,0.780496005250485,0.07451893877337312,0.9917575334789013,0.44077669885002324,0.6051306775850733,0.18453387040014269
48,-0.9824300485123783,0.9706280526646027,-0.5442677506546538,0.709066927702505,0.7238998522237443,0.3771949679241584,0.42126157365338157,-0.6212561486942081,-0.1127439610054981,-0.7699152016134603,-0.16476073012066594,-0.7222335763628598,0.6543522715504759,0.92695653913369,-0.6745517344063567,-0.7074898679086583,-0.6526280292050783,-0.7449937571979166,-0.502436870899438,0.04175860816039556,0.8953653254217775,0.9993005839303319,-0.44463964118403676,0.08343395224577277
49,0.5741009788079892,0.42929775718384233,0.5133181554621267,0.24583355644457083,-0.4346899538723594,-0.14170872653558542,-0.31243455454367086,0.9041302179682158,0.14427855305884263,0.11648794630009784,0.7232278890601778,-0.006785021502592636,-0.5048888360207202,0.8303984205485124,0.32139603124139104,0.18264761231982707,-0.33387666414217865,-0.46153417980485933,-0.1673916926354171,-0.27802861911000587,0.7894799126364191,-0.919925510284944,0.29563173869227066,0.7578439970915691
50,-0.8050747845101618,-0.24624876126379092,0.7185082569514616,-0.10398685837628463,-0.6389267806043708,-0.12392996771536091,0.8656379800098908,0.08768644550883797,-0.1585589369197422,0.7398858126684582,0.6080473049626567,-0.9375765466385182,-0.8341501379930503,0.9448671630069303,0.31477374713702067,0.35356236036888444,0.9886109486455545,-0.26144775439615,-0.9649288083455432,0.17028317792751912,0.9629934416985695,0.7762997100123423,-0.40245097152679277,0.049459823565785266
51,0.4010526363783322,0.6701105141330184,-0.05391732942634975,0.9540413316040517,-0.8306375922992468,-0.4877448920984102,-0.7594865587949235,-0.7461537173225146,0.8308872968120824,0.8838190049888668,0.2679744736740213,0.925981167861671,0.5695100255089935,0.11203852244829937,-0.32120052689388845,0.38285484751814614,-0.187194662002512,0.8775693406955636,-0.6094903083964465,0.7512947199772615,-0.14156838899748325,0.382480614189856,0.08217266994005379,0.11077896868993187
52,-0.8050747845101618,-0.16760452375208557,0.3814962243439479,-0.10398685837628463,-0.6389267806043708,0.15945423359431632,0.8656379800098908,0.08768644550883797,-0.1585589369197422,0.7160432084279171,0.7666009109998053,-0.9375765466385182,-0.8341501379930503,0.9448671630069303,0.37609885157529965,0.14171294701906523,0.9886109486455545,-0.26144775439615,-0.9649288083455432,0.17028317792751912,0.945765732551016,0.7762997100123423,-0.26628897600840284,0.049459823565785266
53,0.5297424241003172,-0.8306084928092301,0.46790405506664157,0.47088771209837144,0.8744904473041715,-0.32203474536421606,0.09984403802689745,-0.43872067974391427,0.20587571620042255,0.8170781722555565,-0.54155742851466,0.4384923884602907,-0.8229973268141333,-0.5891631066413938,0.2761479494077017,0.17976514991776682,0.9834154514874418,0.36571993059210195,0.780496005250485,0.07451893877337312,0.9917575334789013,0.44077669885002324,0.6051306775850733,0.18453387040014269
54,0.4472792200451412,-0.8306084928092301,-0.2332796709159124,0.5196741897054131,0.8371433833768966,-0.32203474536421606,0.13413648807326695,-0.46679893976711484,0.15693851878037934,0.9846154739906645,-0.48402478139129634,0.6342627167979764,-0.8202157725925989,-0.4840154142286883,0.08448855123798538,0.07119022929588437,0.9866428788683372,0.6059491294588457,0.8364509036828298,0.09346080738962592,0.9122608914447905,0.38697916781530806,0.5693729771575331,0.2641667839064874
55,-0.7966126357593888,-0.15742744990206647,-0.6934911775586123,-0.8925501270954805,-0.45375580716632036,0.9155084446112907,0.7858670251366049,-0.23205707637739503,-0.1995770395377645,-0.4886192853927962,-0.5745790865160361,-0.9686817110726056,-0.9683631778968427,0.6108483140286569,0.7303323332917186,-0.3007773696928202,-0.5972913647371676,0.744094626262997,-0.5103755897493536,0.7176719872229165,0.4506329824085604,0.6853803547126853,-0.29253989939372627,-0.08624839900671555
56,0.4010526363783322,0.634003217230702,-0.018619386788273573,0.5883213361875825,-0.9329346243862024,-0.4877448920984102,-0.687180991264833,-0.7461537173225146,0.8308872968120824,0.8929121591337295,0.0015956297707140354,0.8609686401290071,0.5850246468540932,0.05867415656040209,-0.32120052689388845,0.38321113298521947,-0.20424291220915936,0.8945582748612386,-0.6094903083964465,0.8799555117834392,-0.34127638258992854,0.382480614189856,-0.024259564294770053,0.11077896868993187
57,0.5106253363630133,-0.781064490845838,0.535676130473719,-0.9911513760729402,0.8726149372198222,-0.801119490041583,-0.6517812083343313,-0.6864936250774467,0.4191512267291113,-0.8682219591656053,-0.8323494783721226,0.4059210270782925,0.3925343689590912,-0.9509359754653666,-0.5105774930907252,-0.4426567078094701,-0.08219848322499668,-0.07380749744264725,-0.42861561823630545,-0.34095483652825265,-0.5767658595288137,-0.899209485998208,-0.2340583647456047,0.34203071637570615
58,-0.32880461130070127,0.03989827991193917,-0.48159824984513144,0.6348737648148186,-0.18109872932634197,0.9832952325402289,-0.6753302484162065,0.888206199384691,0.6900636349476044,-0.7226094208576987,0.055947459640817376,-0.17750792455002018,0.9065098151508144,0.02155969480099662,-0.13322783438577313,-0.17726447757087116,0.9605940776301523,0.7027868408466234,0.0685376402707969,0.5169254470304974,0.7799564516316395,0.8140292912715348,0.8566219558871064,0.6710728751243653
59,0.3442043897934677,0.5567755784700532,0.6612130692514187,0.7942511798362808,0.13388884086428465,0.5846519926771812,-0.573714560662473,0.19298324067710726,-0.00246751945969792,-0.2298565057724431,0.5987274490695627,0.35660116202649905,-0.07700359802488888,-0.2762013016019067,0.5261231405968425,0.7120906371326623,-0.7473525591463182,0.25014650746807,0.23550756754694402,0.050792466023159344,0.27072854190135565,-0.6942781069201616,0.17839379277048506,-0.725171549133586
60,0.919551086470201,-0.533649488239526,0.23677332911193805,-0.743197727400797,-0.43469547719306,-0.41626519070998036,0.721272987761505,-0.999475899759942,-0.002907893033131881,0.6203796968508037,0.35161172614006775,0.018349771220068645,0.031271163779373445,0.34698999952800014,-0.9303927317514644,0.6737064406567264,0.6414388664123036,0.1589622212350501,0.8015475472961135,-0.46669484690894736,-0.9254345366938244,-0.48486137811852315,0.35519866595549887,-0.8831283411994801
61,-0.8227716397765454,-0.15742744990206647,-0.6934911775586123,-0.8925501270954805,-0.45375580716632036,0.9155084446112907,0.7858670251366049,-0.3126447114009765,-0.1995770395377645,-0.4886192853927962,-0.5745790865160361,-0.9686817110726056,-0.9683631778968427,0.6108483140286569,0.7303323332917186,-0.3007773696928202,-0.5972913647371676,0.744094626262997,-0.5103755897493536,0.7176719872229165,0.4506329824085604,0.6853803547126853,-0.29253989939372627,-0.02172015088175172
62,0.28069403408750837,0.6170897308060352,-0.0929259828848541,0.8807914117015592,-0.8882668651842791,-0.33940388521571796,-0.7594865587949235,-0.751362845187517,0.8268262061252742,0.8475705348195701,0.05440755268973563,0.7807202271881348,0.4938599329119391,0.12620684993787146,-0.2646376082888737,0.30971293438476355,-0.3298716855200945,0.7466112228571633,-0.6094903083964465,0.8166039322179999,-0.14156838899748325,0.2152101041120349,0.0894409079967502,0.2932391453086556
63,0.23363415928714204,-0.11251633408652228,0.9368105499826429,0.4175075865556901,0.8415338317998602,-0.5300948618127874,0.19702222969572136,0.12466434978053864,0.3495777090109309,-0.7878424913496276,-0.4467720211553845,-0.195360882689261,-0.10260352430601172,-0.7914951505057091,-0.0034080872794355344,-0.349423047056888,0.5049629326853327,0.867733649475698,-0.0640472027079455,-0.48244984635172594,0.6475014160131527,-0.5650951745988544,0.48787736689532846,0.43655337202485067
64,-0.17421561355276394,0.8666938239251243,0.22600453585652414,0.38388620315586897,0.5333470856673481,0.6499658782181439,0.432053103717263,0.8217294810118827,0.16975446317746434,0.44594149768048874,-0.31068559674152696,0.5577072597971009,-0.2754735023377448,0.5706953941851385,0.7330918127732291,-0.14485660222152896,0.3586744048579755,-0.6359389945404992,0.5623398613122712,-0.616253456401981,-0.7002705406589036,0.7944482593979809,0.985309162302038,0.8351099603143646
65,-0.11760331054250228,0.35743462148138305,0.9906320623276026,-0.7430887711710707,-0.817713851177684,-0.3980065812060458,-0.5218698154256514,-0.4692805024481739,0.6041194350847408,0.5238847251502459,-0.4475921177592592,-0.8019323999515147,-0.5264040129159857,0.3900748552573343,0.07226595290295657,0.8649101986234122,0.21376658473331878,0.6000299422336004,-0.3854950949497489,-0.07241454427602578,-0.8018513654154986,-0.5321750831085557,0.06032836288454457,-0.7192776671963361
66,0.4010526363783322,0.634003217230702,-0.05391732942634975,0.9964847452830459,-0.7539728546190412,-0.4877448920984102,-0.5984308296196521,-0.7461537173225146,0.8308872968120824,0.8838190049888668,-0.04039397978405512,0.925981167861671,0.5695100255089935,0.003517129920991069,-0.18873112752813093,0.4305322872984487,-0.187194662002512,0.8790647297924492,-0.7033176262181466,0.8166039322179999,-0.14156838899748325,0.382480614189856,0.19088171057986658,0.1481516173526214
67,-0.9824300485123783,0.9893012805410859,-0.5442677506546538,0.7070252973267639,0.7238998522237443,0.3771949679241584,0.42126157365338157,-0.6212561486942081,-0.1127439610054981,-0.7699152016134603,-0.16476073012066594,-0.7222335763628598,0.6543522715504759,0.92695653913369,-0.6745517344063567,-0.7074898679086583,-0.6526280292050783,-0.7449937571979166,-0.5062255712313282,0.04175860816039556,0.8302109213370354,0.9993005839303319,-0.44463964118403676,0.08343395224577277
68,-0.07474735823178635,-0.9627269830220759,0.7416343464797115,0.7185327519861759,0.21173885783465551,-0.8351218400392209,0.4661966331418237,0.701280647769801,-0.9590509562484437,-0.606726411775814,-0.10903823795466283,0.03658232677457951,-0.35286370453322036,-0.43915268485582004,-0.647377883304098,0.6750362951624853,-0.5811309710461909,-0.5837114095833433,-0.4863891915717846,-0.34414164393695224,-0.07786466460152397,0.6246544326024097,-0.7276450818031217,-0.6156593761535938
69,0.5833711601494704,0.17718523823781474,-0.7678690455216965,0.9558615669917618,-0.8940127974894028,0.7891490606497493,-0.5546570290344548,-0.4214456523418628,-0.3471670467651098,0.6963081456761409,-0.38779353580394726,0.5794377950195002,0.14162526245790308,-0.9063334961201608,-0.25681060473729067,0.9115546687050988,0.3618384929944578,0.015426332225259687,0.8596471687979985,-0.6936472131707885,-0.2389838522608736,0.43934252973655274,0.2978764783977659,0.8035096758557791
70,0.64246869549339,0.022454033657097083,-0.47666664619457166,0.8255144313116463,0.7407939795655183,0.358074337585889,-0.9093899556240901,0.4797612832826321,0.9810956426954818,0.7359471017085051,0.5671966853038168,-0.3769880433942081,0.6214297398841819,-0.4810920044309024,0.5382266032246288,0.01492836290831967,0.233284740968978,-0.9169760169653047,0.19543903339229907,0.1311200971432489,-0.6069170243364468,-0.6851163069378572,-0.3144131445326559,0.11139485700891072
71,0.8997053810532305,-0.8117206542961306,-0.289404761160444,0.7894653888402658,-0.9096705608303806,0.9844119325451688,-0.5954702847038087,0.6136869819551203,-0.3202558280947112,-0.7206720620046301,0.30917406875592346,-0.7236421725046704,0.09731360003039824,0.7485488318871534,-0.9092086069276419,0.6554837753143277,-0.8147396271144738,-0.6159981112504291,-0.21465314174204453,0.6802033965975878,-0.11948008890398332,0.38444856784404124,-0.38820765970914817,-0.19204164050872818
72,0.4113876915806285,0.634003217230702,-0.05391732942634975,0.9540413316040517,-0.8889964189642956,-0.5742941395644687,-0.7391897023545593,-0.7461537173225146,0.8308872968120824,0.8838190049888668,0.0036781709336519697,0.925981167861671,0.5695100255089935,0.11203852244829937,-0.18873112752813093,0.40104951944487066,-0.15046797151967017,0.8775693406955636,-0.6094903083964465,0.8166039322179999,-0.26428531780426057,0.382480614189856,0.5380492001181933,0.1481516173526214
73,0.7185119652114862,-0.3098150341051542,0.40250737977575324,0.5798056148326993,-0.961270265932948,0.10021967840256485,0.12528150888005962,0.8746033362754806,-0.4961279411698547,-0.7360354912488996,-0.7504036032546377,-0.3401145728460082,-0.7055616689357738,-0.5648881676245763,-0.8999722290449776,0.3306620176287651,0.2866755446853535,-0.5447646515699371,-0.5458933252528424,-0.3188371608113978,-0.6831356422218227,0.2180601574635186,-0.05124479427284556,-0.4552219034789329
74,0.584754987046167,0.03775241373461857,-0.6446152347904861,-0.8003643431397942,0.4737712973938828,0.829218395112078,0.3582848464660271,0.8746407769765268,-0.5204159487252034,0.39970634817601214,0.3628476712678885,0.956545806468776,-0.3544530045471326,-0.8004683282476752,-0.25726967833748793,0.9262481191686396,-0.08002954491937309,0.49460098941379305,-0.681676128353421,-0.21699271231027084,-0.14932882510266987,0.7764746162016358,-0.4086663315442207,-0.8316672871469042
75,-0.16788432533736009,0.5862311148623498,-0.9008297424537308,-0.9072062766232207,0.7459762515639419,0.050095711297251766,-0.250310229491437,0.2742403151753139,0.3662867688513638,-0.4286859234070879,-0.16303850334523085,-0.7784103117370749,-0.8575035242797271,0.33043502419242965,0.14532289101995488,0.2353973314448512,0.793841241807766,-0.7062498098222325,-0.007786998609141893,-0.03731938340187835,0.49535216474949606,0.4426738642862633,-0.8687171975650667,-0.9185763432673251
76,0.5257610529501513,-0.9208866337333232,-0.2332796709159124,0.5409853488403336,0.8371433833768966,-0.32203474536421606,0.13413648807326695,-0.3026459395909926,-0.0006643527932073123,0.9453200178443584,-0.48402478139129634,0.4020923383345083,-0.8229973268141333,-0.4514005882572809,0.24512213989486908,-0.14364894809473716,0.9791363007952747,0.6059491294588457,0.780496005250485,0.10664000663331064,0.9967609858217998,0.2602852308748289,0.5599888634636538,0.2273274874533231
77,0.4472792200451412,-0.8306084928092301,-0.2332796709159124,0.621827335062185,0.8371433833768966,-0.32203474536421606,0.19244079571461703,-0.21737359425852887,0.15693851878037934,0.9526859401424015,-0.38053013669605784,0.4765181511106342,-0.8529650232238684,-0.5265366387661485,0.24512213989486908,0.06750465589789156,0.9791363007952747,0.6059491294588457,0.7778329016458305,0.15085786416120306,0.9122608914447905,0.38697916781530806,0.8418375380134215,0.2641667839064874
78,0.38672059016805593,0.37211119488153543,-0.7678690455216965,0.9558615669917618,-0.5385756510048698,0.7891490606497493,-0.5068446601193601,-0.4621000143395957,-0.17024549090075314,0.7638577622146809,-0.5467591557862548,0.5794377950195002,0.14162526245790308,-0.9063334961201608,-0.25681060473729067,0.9115546687050988,0.36672986105298433,-0.09881857127556093,0.9455149691469402,-0.6944182692510752,-0.2389838522608736,0.43934252973655274,0.2978764783977659,0.8035096758557791
79,-0.6311721331908577,-0.45005708602574024,0.8803350506965724,0.8248598992597684,0.901865786367146,0.9955358138633614,0.8732918392266673,-0.49434428892886184,0.601514694283398,0.6213125712012924,-0.8648186719697628,-0.5266561364331583,0.7449738358207614,-0.8996659584861038,-0.024792553371850934,0.8346751829927395,0.4001868154677497,-0.6265693058236734,-0.7289022231566553,-0.5771006872707309,-0.16841394767875228,-0.22259398222808713,0.34125478988823166,-0.44802014133367907
80,0.38672059016805593,0.16147864225628106,-0.7678690455216965,0.9558615669917618,-0.5936113390252122,0.7891490606497493,-0.7662642246499638,-0.4214456523418628,-0.2575990553268672,0.7292756917160157,-0.38779353580394726,0.5794377950195002,0.14162526245790308,-0.9063334961201608,-0.25681060473729067,0.9115546687050988,0.340382885441026,-0.030095731949216775,0.8596471687979985,-0.6944182692510752,-0.217543359660906,0.29376638641229325,0.2978764783977659,0.8035096758557791
81,0.199815872497199,-0.49640915479104675,0.5846102214117381,-0.644121065521069,0.5314984924615485,0.9719632496764348,-0.08385017289755803,-0.9484670904276804,0.5990099912225173,-0.975775574016706,-0.04838072207933308,-0.31541360335109436,-0.7242105311475415,0.7125318524988196,-0.7762048817834637,-0.6332479210721493,-0.10132257646917053,-0.9256056615739587,0.18177710470977093,0.8272603738943729,-0.577256768829163,-0.41951972849079855,0.407539381638357,0.7322681325052804
82,-0.11760331054250228,0.35743462148138305,0.9906320623276026,-0.7430887711710707,-0.817713851177684,-0.3980065812060458,-0.5218698154256514,-0.44871626409044585,0.6041194350847408,0.5729004659401049,-0.4475921177592592,-0.8019323999515147,-0.5264040129159857,0.3900748552573343,0.07226595290295657,0.8649101986234122,0.3449314114257458,0.6000299422336004,-0.3854950949497489,-0.07241454427602578,-0.8018513654154986,-0.3631962674379803,0.06032836288454457,-0.7049684387449435
83,0.4227123799625616,0.651065798527642,-0.018619386788273573,0.5883213361875825,-0.9329346243862024,-0.4877448920984102,-0.5375091563115526,-0.6094971680392285,0.8745567422917075,0.8929121591337295,-0.07999394381539693,0.8609686401290071,0.60013667927998,-0.05912314515872419,-0.32120052689388845,0.38321113298521947,-0.3139000081510821,0.8945582748612386,-0.6094903083964465,0.8799555117834392,-0.16610814905670757,0.382480614189856,-0.024259564294770053,0.132097086104638
84,-0.16168108633251976,0.948040054726873,-0.7536530150686975,-0.6250031903151507,0.5656170056298135,0.09861848540130058,0.15671795359640317,-0.568769667561206,0.9566207569381027,0.5668754364077111,-0.43867338020451885,-0.8965069503927598,0.8273005515911847,0.574291623039642,-0.00885068135861089,-0.6010474253648241,-0.6482182633730651,0.8012967295159268,-0.8711507029606467,0.6485002789225076,0.5287453314101178,0.1487103207817757,-0.9082442500188934,0.19456505025984794
85,0.8997053810532305,-0.8117206542961306,-0.39896931096319066,0.7894653888402658,-0.9096705608303806,0.9844119325451688,-0.5954702847038087,0.6136869819551203,-0.3202558280947112,-0.7206720620046301,0.24651380877678908,-0.4591852455816765,0.09731360003039824,0.7800970120259003,-0.9092086069276419,0.6554837753143277,-0.8147396271144738,-0.5273982954573742,-0.21465314174204453,0.6283534896349634,-0.11948008890398332,0.38444856784404124,-0.38820765970914817,-0.19204164050872818
86,0.4010526363783322,0.634003217230702,-0.05391732942634975,0.9964847452830459,-0.7539728546190412,-0.4877448920984102,-0.6336130412311309,-0.7461537173225146,0.8308872968120824,0.7637918336245604,-0.04039397978405512,0.9872524817923529,0.5695100255089935,0.003517129920991069,-0.18873112752813093,0.4305322872984487,-0.187194662002512,0.92388873446994,-0.6957448581378707,0.8166039322179999,-0.026879229898718382,0.382480614189856,0.2464259428641411,0.1481516173526214
87,-0.472700092234974,0.1753833869500292,-0.6175154193571673,-0.19873515003582853,0.32429609896138945,-0.1131190711406389,0.2312680634991955,0.79490534323682,-0.9818690194225153,0.07094703429284399,0.5004175975457419,0.29468114306815507,-0.5467275175102824,-0.1624683425726705,0.17313463586481914,-0.1088677938762106,-0.07999832641679672,-0.7812029213137364,-0.1045720679793607,0.1164350973036723,-0.5881652139511482,-0.17486903121326147,0.6243247171676958,-0.14713176726815025
88,-0.22481829324307978,0.49078017523008466,0.8710369404108183,0.011771561769872818,0.8017584088034964,-0.6198954480113426,0.22003837496859258,0.6090265099098882,-0.2941109873247081,0.3170035149110262,0.7048821811935362,-0.8234328599989909,-0.20933495255501944,-0.3203899459848838,0.44089448592471814,0.7751547730650092,0.5121773945170407,-0.8632389883086731,0.3162110334217134,0.09664384464615505,0.1412578026666238,0.9383418992701389,-0.6580146391550048,-0.5182370551371944
89,0.584754987046167,-0.004445619083957686,-0.6446152347904861,-0.8003643431397942,0.4737712973938828,0.7260533689320869,0.3582848464660271,0.8612822588215894,-0.5204159487252034,0.3377579412552336,0.3949522182004419,0.8192852588859842,-0.3544530045471326,-0.7480691592729385,-0.22754795368636116,0.9262481191686396,-0.3313754828612816,0.6184515273234463,-0.671655673200261,-0.21699271231027084,-0.14932882510266987,0.8867531165866409,-0.4086663315442207,-0.7435716110665995
90,0.4010526363783322,0.634003217230702,-0.05391732942634975,0.9036205447978702,-0.8306375922992468,-0.4877448920984102,-0.8245508825876955,-0.7461537173225146,0.8927679046603354,0.8838190049888668,0.0015956297707140354,0.8609686401290071,0.5695100255089935,0.05867415656040209,-0.32120052689388845,0.40104951944487066,-0.187194662002512,0.8945582748612386,-0.6094903083964465,0.8166039322179999,-0.4405502320437815,0.382480614189856,0.07832768554759362,0.11077896868993187
91,0.4472792200451412,-0.7475188581201566,-0.2795767461149905,0.3155789526845225,0.8371433833768966,-0.32203474536421606,0.13413648807326695,-0.3026459395909926,0.1359940096838368,0.9453200178443584,-0.48402478139129634,0.4709712418465033,-0.8229973268141333,-0.5265366387661485,0.24512213989486908,-0.09399099450059145,0.9791363007952747,0.5739448949591006,0.7594065083650314,0.10664000663331064,0.9738261451972612,0.2602852308748289,0.5760324658078233,0.2273274874533231
92,0.22775141090645112,0.406515489286879,-0.272862153361795,-0.5999503734971205,-0.7430540398136203,0.5864266564425178,0.3967901610650151,0.3558884153009978,0.5283761643148286,0.004618416331699571,-0.06840493394423697,-0.6011622378285704,0.45943693219076875,-0.14223031650714613,0.6273154823292788,-0.6065765430334988,0.8595469078384674,0.4689753871280222,0.027438689727075527,-0.7003257773565386,0.46454615814554834,0.6656774727864041,0.8984420758587477,-0.3249005409724657
93,0.3829206075394336,0.5111263046078858,0.6863449058737494,0.7705586595649014,0.13388884086428465,0.5846519926771812,-0.573714560662473,0.19298324067710726,-0.04421386691609075,-0.2298565057724431,0.5987274490695627,0.35660116202649905,-0.07700359802488888,-0.3315965459659935,0.5261231405968425,0.7120906371326623,-0.7473525591463182,0.25014650746807,0.2901152265142979,0.050792466023159344,0.27072854190135565,-0.6887476168325206,0.17839379277048506,-0.7955769872067089
94,0.64246869549339,0.022454033657097083,-0.5097931922082652,0.8255144313116463,0.7407939795655183,0.34787708411200513,-0.9093899556240901,0.4797612832826321,0.9810956426954818,0.7359471017085051,0.7393893104080644,-0.3769880433942081,0.7980272092257699,-0.4810920044309024,0.5382266032246288,-0.008233996655142128,0.233284740968978,-0.9169760169653047,0.19543903339229907,0.1311200971432489,-0.6069170243364468,-0.6851163069378572,-0.3144131445326559,0.1101592527049764
95,-0.8050747845101618,-0.2496637747846333,0.30265587223845736,-0.10398685837628463,-0.6389267806043708,0.15945423359431632,0.8656379800098908,0.08768644550883797,-0.1585589369197422,0.7160432084279171,0.7790381081202842,-0.9972289109567816,-0.8341501379930503,0.9448671630069303,0.37609885157529965,0.14171294701906523,0.9886109486455545,-0.26144775439615,-0.9649288083455432,0.17028317792751912,0.945765732551016,0.7762997100123423,-0.26628897600840284,0.049459823565785266
96,-0.11760331054250228,0.35743462148138305,0.9722536213492092,-0.7430887711710707,-0.817713851177684,-0.3980065812060458,-0.5218698154256514,-0.6895673964815014,0.6041194350847408,0.48444587614926093,-0.4475921177592592,-0.8019323999515147,-0.5264040129159857,0.3900748552573343,0.07226595290295657,0.8649101986234122,0.21376658473331878,0.6000299422336004,-0.3854950949497489,-0.07241454427602578,-0.8018513654154986,-0.5321750831085557,0.10359787943619225,-0.7192776671963361
97,0.42100084114670966,-0.004445619083957686,-0.6446152347904861,-0.8003643431397942,0.4737712973938828,0.7260533689320869,0.50320800565211,0.8612822588215894,-0.5204159487252034,0.3377579412552336,0.3628476712678885,0.9558577225077469,-0.3544530045471326,-0.8004683282476752,-0.36840999073241854,0.9262481191686396,-0.11874569313863126,0.5639629768393233,-0.681676128353421,-0.21699271231027084,-0.14932882510266987,0.8867531165866409,-0.5315059391019905,-0.9750568838128819
98,-0.17638663279188238,0.8666938239251243,0.20586634594895825,0.1667964664538093,0.5333470856673481,0.6499658782181439,0.432053103717263,0.8217294810118827,0.16975446317746434,0.44594149768048874,-0.31068559674152696,0.5577072597971009,-0.2754735023377448,0.4230954912346183,0.7330918127732291,-0.14485660222152896,0.4487678232427401,-0.29508510790111453,0.5740902497322709,-0.616253456401981,-0.7002705406589036,0.7944482593979809,0.985309162302038,0.8351099603143646
99,0.8548322239581645,-0.031089061845845478,-0.7088557583793971,-0.2101158134353207,0.931015615145119,0.29086349321746807,-0.6374406568790287,-0.5476064461735497,-0.29729502785327644,-0.4999129750478042,0.17189796721849326,0.27112581744911446,0.20169654321845853,0.5643825909150362,0.604027792101866,0.17419468032935104,-0.713658480663649,-0.6194232574364964,-0.5344895979021507,-0.9473960752869799,0.8698619288443821,-0.6498096136363418,-0.3146994186874934,-0.566973789614533
100,0.5297424241003172,-0.8306084928092301,0.46790405506664157,0.47088771209837144,0.9308510107648491,-0.3771876021053542,0.18317113359113502,-0.43872067974391427,0.27273373447513394,0.4774867338386788,-0.7515641649427001,0.4384923884602907,-0.8229973268141333,-0.5891631066413938,0.7389584131195657,0.2062169274797716,0.9834154514874418,0.36571993059210195,0.7070331859782857,0.07451893877337312,0.9917575334789013,0.44077669885002324,0.6051306775850733,0.11953210185644081
101,0.7537609124616462,-0.399205439500256,0.6567391038007571,0.25052255583825866,-0.9414907835489204,-0.561533144660483,-0.4782277937262518,-0.3074048990883713,-0.8977031460148279,0.9793330989894651,-0.3296912465835051,-0.9417503871980222,-0.036889394934984665,-0.5387665117444809,-0.8889240720208422,0.5744739090256714,0.48547928385585126,-0.09528586182657506,-0.6447081309158129,-0.16007353554920378,0.2650716534599693,-0.6031295946385731,-0.24334018365440624,-0.6213929527626261
102,0.3493603577877529,-0.29055377328017795,0.3913077709760171,-0.7236832135343776,0.9373583131437249,0.09769958762840991,-0.9470734019577778,0.9687048008998822,-0.06082105220996925,0.582975957018508,0.6270873734476055,0.510454832191279,-0.9290167423413531,-0.0373451925589392,-0.9142456304026096,-0.4634153905463103,-0.5327663477483893,-0.478207237664277,0.5550883483161431,0.5038714452171134,-0.16356548528488601,-0.3498396621971651,0.7842317896260804,0.3530401646215051
103,-0.07655120854864017,0.41355987604969124,-0.6878994040164432,0.3291102406071449,0.656607303548389,0.49105550630044026,-0.03490455040409324,0.22767501005390245,0.2105745483878998,0.7569820948251418,-0.6620604904732121,-0.12595787694479021,-0.8065206674873378,0.46930616512552636,0.4342428975499688,0.624524376024767,0.174382390225857,-0.4328581346326339,0.02494102191121983,0.4867539083688559,0.8863263969257591,-0.7167010015483348,-0.876033601632286,-0.3739165136674494
104,0.3442043897934677,0.5567755784700532,0.6612130692514187,0.7942511798362808,0.13388884086428465,0.6356236491349907,-0.573714560662473,0.19298324067710726,-0.00246751945969792,-0.2298565057724431,0.5987274490695627,0.35660116202649905,-0.07700359802488888,-0.2762013016019067,0.5261231405968425,0.7120906371326623,-0.7473525591463182,0.25014650746807,0.23550756754694402,0.050792466023159344,0.2598084732171808,-0.6872885453903275,0.17839379277048506,-0.7904126358895451
105,-0.8326032218945585,0.9939566420740109,-0.07752407019598273,0.483460579496483,0.6868175680893354,0.1292264629573998,-0.9141151151348197,0.26120567307031006,0.09077509282590634,0.5345283984021274,-0.8669465437938866,0.20569974968742288,-0.9559977138920472,0.7184820874254112,-0.041819531359306605,0.32864701937965335,0.11089253102420416,1.9864133122826644e-06,-0.6855248210669409,0.4134538300744892,-0.8848042169274069,-0.736151227076614,0.19163933860568583,0.4978784730975965
106,-0.11760331054250228,0.35743462148138305,0.9906320623276026,-0.7430887711710707,-0.817713851177684,-0.3980065812060458,-0.5218698154256514,-0.44871626409044585,0.6041194350847408,0.5729004659401049,-0.4475921177592592,-0.8019323999515147,-0.5509792205016966,0.3900748552573343,0.07226595290295657,0.8649101986234122,0.3449314114257458,0.6000299422336004,-0.28094645739365887,-0.07241454427602578,-0.8018513654154986,-0.3631962674379803,0.06032836288454457,-0.7049684387449435
107,-0.9544719438063145,0.8102717944880555,-0.46290576828978747,0.7795539117509578,0.2397961625138867,-0.9445798525675051,-0.6296835777522587,-0.45993997255011076,0.1653419580405171,0.8840185867406904,0.34898075658093797,-0.5523163997081293,0.5929564355805352,0.05021083447865582,0.36973489840754437,-0.5105720423366069,0.2816541284439644,-0.38198653146008343,0.4366144714806466,-0.698977097551922,0.9986207231826352,0.462416819563122,0.470726869961968,0.6282788153873695
108,0.4113876915806285,0.634003217230702,0.05302534482206833,0.9540413316040517,-0.8397895812331182,-0.5742941395644687,-0.7391897023545593,-0.7461537173225146,0.7915606016823691,0.8838190049888668,0.0036781709336519697,0.944576759606097,0.5695100255089935,0.11203852244829937,-0.18873112752813093,0.40104951944487066,-0.15046797151967017,0.8775693406955636,-0.6094903083964465,0.8166039322179999,-0.26428531780426057,0.382480614189856,0.5380492001181933,0.11943342930346423
109,-0.7966126357593888,-0.15742744990206647,-0.6934911775586123,-0.8925501270954805,-0.45375580716632036,0.9155084446112907,0.7858670251366049,-0.23205707637739503,-0.1995770395377645,-0.4886192853927962,-0.5745790865160361,-0.9686817110726056,-0.9683631778968427,0.4993001401555719,0.7303323332917186,-0.3007773696928202,-0.9321067519632542,0.744094626262997,-0.08867245597182527,0.7176719872229165,0.4506329824085604,0.7529434881118011,-0.32655548366496556,-0.08624839900671555
110,0.4472792200451412,-0.7800960983606549,-0.2332796709159124,0.5521454852651648,0.8371433833768966,-0.3869607757839424,0.19244079571461703,-0.3026459395909926,0.15693851878037934,0.7638971043851983,-0.38053013669605784,0.42858400273269437,-0.8529650232238684,-0.47036741701141827,0.24512213989486908,-0.09303566787938955,0.9791363007952747,0.7887820141740827,0.780496005250485,0.15085786416120306,0.9122608914447905,0.38697916781530806,0.5750709587757699,0.2641667839064874
111,-0.24385427201444387,0.8066458107883685,-0.6978742100927946,-0.5284236081475093,0.9590540546437583,-0.9128927182324913,-0.985025019887225,-0.4126702444021655,-0.2768845175160459,0.9642248173889054,0.03978966351944324,0.9526739000089501,0.6390004389794326,0.25145304823942394,-0.45939137306387745,0.4093189847110119,-0.9457475628001515,0.004018139264487353,0.22306584299118226,-0.5978090842595936,0.8885716524225933,-0.8363156623738002,-0.518553759535074,0.7402931801564216
112,-0.5673966961688006,-0.8153139221237145,0.9372659817506377,0.7556637323266988,-0.551189935618166,0.02732714766328881,-0.8242804289997034,0.0992039545288741,-0.6675826541658558,0.7237438173340704,0.5104095826093791,-0.009343345904151867,0.17621812984021923,0.38806832666529645,0.5957714948584938,-0.6190672339292023,-0.9246986185233319,0.42678311351992715,-0.35104767966134776,0.24730378559859978,-0.28040029268427946,-0.9949805980365711,-0.12637035303382294,0.9812595151864689
113,0.4010526363783322,0.634003217230702,-0.05391732942634975,0.9454496887224606,-0.8306375922992468,-0.527311827471487,-0.7675585096747992,-0.7461537173225146,0.8308872968120824,0.8838190049888668,0.0015956297707140354,0.8609686401290071,0.5695100255089935,0.05867415656040209,-0.32120052689388845,0.40104951944487066,-0.187194662002512,0.8614048987067402,-0.6094903083964465,0.8166039322179999,-0.14156838899748325,0.382480614189856,0.07832768554759362,0.13289315579237493
114,-0.07474735823178635,-0.8032990360665777,0.668433344176236,0.556443082643153,-0.024670412870178904,-0.8351218400392209,0.46585021009610217,0.701280647769801,-0.9590509562484437,-0.606726411775814,-0.10903823795466283,0.06391508078803709,-0.35286370453322036,-0.43915268485582004,-0.647377883304098,0.6750362951624853,-0.5811309710461909,-0.5837114095833433,-0.5151568551626169,-0.34414164393695224,-0.07786466460152397,0.5455984208202411,-0.7011126900981786,-0.6199169539878737
115,0.1959601231219814,0.010011569691687372,0.4221916475724712,0.28368348259654863,0.3410236995102127,0.31781808744134143,-0.632956928924612,0.9828035235995352,-0.24556566037384586,-0.8578565187415752,-0.22678379672485693,0.427184045009082,0.9183375000678438,0.4159941581942779,0.6596258170019584,0.8473167604986265,0.06532820192086142,-0.842380464207801,0.628148349674994,0.31205865060815063,-0.9363832869965703,-0.9929794457343586,-0.775991802909791,0.03314819330888508
116,-0.9186122551532676,0.5884059232833765,-0.974533350225949,-0.5528603416105426,-0.9876400044430653,-0.43721631814522977,-0.2985651236267872,-0.63515608624094,-0.18676829837747988,0.7586653647006598,-0.4855741713767574,-0.6068278792035151,-0.45846222722762864,-0.3343793677417686,0.23711364115979583,0.3022871211194498,0.3645749297423342,0.04953535188969105,0.48958703493823785,0.3644365320955991,0.6239778788685348,-0.9262443291186964,-0.696280116731071,0.6719786671640424
117,0.49602281878932275,0.35245938647218567,-0.15911353404183792,-0.29272704092005863,-0.44615030785418575,0.41181281458516583,-0.2025495859272033,-0.23600763287178994,0.7572795972605939,0.6046317900053413,-0.7573442049694783,0.9579921999580727,0.7727313599725629,0.5537675632057688,-0.1972013299196096,0.48082842864238584,-0.6115509578260185,-0.9068080796565718,0.5692602846307608,0.41358762399774607,-0.1986518252536027,-0.9411557459950055,-0.484054065105052,0.44225454671512376
118,0.3289354999531291,0.5260338341137967,-0.05391732942634975,0.8411186819012437,-0.5315492702007318,-0.4877448920984102,-0.7594865587949235,-0.7701902984425992,0.8308872968120824,0.8838190049888668,0.0015956297707140354,0.8609686401290071,0.5353795193651862,0.12620684993787146,-0.32120052689388845,0.40481914379742534,-0.2603639094106438,0.8180320997506629,-0.6094903083964465,0.7354768253591926,-0.14156838899748325,0.41588440656515635,0.07832768554759362,0.14054361272318117
119,-0.02694640149063665,0.6941297403544768,0.9472796901861416,0.36620034345915653,-0.8879598246244742,-0.5946215143877849,0.2851664789517485,-0.9494142963091632,0.9221129132834534,-0.23166502235971942,0.6412743759142476,-0.15332739259801453,-0.632605958041631,-0.029616315427498208,0.4935839201223553,0.42083082446524855,0.6475675270676657,0.5334053542358042,0.048285279559390215,0.127876184187812,-0.2724549065726549,0.5873155310616069,-0.7230077813750679,-0.40895609449727277
120,-0.17638663279188238,0.9614276435044316,0.12606537839947807,0.1667964664538093,0.5333470856673481,0.6499658782181439,0.432053103717263,0.8217294810118827,0.16975446317746434,0.44594149768048874,-0.31068559674152696,0.5577072597971009,-0.2754735023377448,0.4230954912346183,0.7330918127732291,-0.14485660222152896,0.4487678232427401,-0.29508510790111453,0.5740902497322709,-0.616253456401981,-0.7002705406589036,0.7944482593979809,0.985309162302038,0.8128210397424751
121,0.006168695962050164,-0.01625399804823946,-0.6885446852950052,-0.193926471908201,-0.5079195436055397,-0.3780754028270823,0.5999367532530058,0.8662890962036631,-0.8891513747951174,0.38936547118519194,0.9472095686450996,0.3874008000039222,-0.7816950321093452,-0.8424049233977027,0.7644404507221128,-0.8011286013586403,0.36841719388481664,-0.6480268589073255,-0.44889044021027624,-0.9840898734449419,-0.8390644683320256,-0.4404629882609681,-0.7614656718976403,-0.06727286137097477
122,-0.23952596214562427,-0.7199620868585199,0.719879407821725,-0.43544047708041544,0.29525112741218007,0.45559059691895665,0.5984008687959006,-0.49954275072471277,0.27597127423068524,0.07671107230820229,0.7984215827600887,-0.9296405191941637,0.9457551889732134,0.45549814418162304,-0.462249467956549,-0.3341981477949767,-0.4239493088099284,0.1801207618466989,-0.9181009825046822,-0.2913428121101258,0.45767216769584596,-0.5628103467184742,-0.19412925626712796,0.7936510828360501
123,-0.17421561355276394,0.8666938239251243,0.22600453585652414,0.345374251394569,0.6419521117908369,0.6499658782181439,0.432053103717263,0.8217294810118827,0.45427434017060775,0.44594149768048874,-0.31068559674152696,0.5577072597971009,-0.2754735023377448,0.5706953941851385,0.8249048692762584,0.00886841923237891,0.5213576415115955,-0.6006244237150631,0.5623398613122712,-0.616253456401981,-0.714062301156901,0.7944482593979809,0.985309162302038,0.8351099603143646
124,0.4472792200451412,-0.8231171630595147,-0.23079088013479665,0.5521454852651648,0.8371433833768966,-0.32203474536421606,0.19244079571461703,-0.3026459395909926,0.15693851878037934,0.9526859401424015,-0.38053013669605784,0.36137118599288387,-0.8529650232238684,-0.5373466888380534,0.24512213989486908,-0.09303566787938955,0.9791363007952747,0.6059491294588457,0.780496005250485,0.11910265030460598,0.9938983043683678,0.44217793227436775,0.5750709587757699,0.2649723942830078
125,-0.472700092234974,0.14068599367292434,-0.6175154193571673,-0.19873515003582853,0.3326273467034233,-0.1131190711406389,0.3983837317891836,0.79490534323682,-0.9818690194225153,0.2133468120553037,0.6027678524013915,0.29468114306815507,-0.5467275175102824,-0.2501847003851325,0.17313463586481914,-0.17214381725128014,-0.07999832641679672,-0.41403487557079144,-0.1045720679793607,0.1164350973036723,-0.5881652139511482,-0.1285305239425092,0.7879423952999531,-0.14713176726815025
126,0.64246869549339,-0.0322693892491408,-0.11638189502380292,0.9581739756819103,0.7407939795655183,0.358074337585889,-0.5918095448458973,0.4797612832826321,0.9810956426954818,0.7359471017085051,0.6345130721181191,-0.3769880433942081,0.9195221039734771,-0.10678512794320416,0.5382266032246288,0.01492836290831967,0.233284740968978,-0.9169760169653047,0.04382842984295254,0.27602088018986515,-0.5661864944973667,-0.6851163069378572,-0.3817484889612539,0.21347010384441023
127,0.8752403758497558,-0.9581078267663514,0.7963794794401531,0.9216563226911816,0.15773189244058083,0.8494451971895596,0.49431666162089183,0.6736348430059269,0.7689500250603212,-0.4575695097970873,-0.45742630912802884,0.3392638026298116,0.393092061483473,0.35011841752725537,-0.15634441903012486,-0.18717501758521649,-0.3058842084829114,0.32206296075173046,-0.24578777616514125,-0.2856211321564359,-0.5919660180557416,-0.14415793812817923,0.4856543934295432,0.6750895726051238
128,0.6267008264676903,-0.399205439500256,0.5593377560680886,0.25052255583825866,-0.9374800623053445,-0.561533144660483,-0.514617756619056,-0.3074048990883713,-0.8977031460148279,0.9793330989894651,-0.3296912465835051,-0.9674944300812023,-0.036889394934984665,-0.5387665117444809,-0.8889240720208422,0.5744739090256714,0.46989779382464647,0.2992524588714083,-0.6447081309158129,-0.16007353554920378,0.2650716534599693,-0.6380689800424713,-0.24334018365440624,-0.6213929527626261
129,0.7662980051552273,0.743498788031578,0.0018707604882646223,-0.5365468285294899,0.8513627131712689,-0.9068237293713002,0.7981108168098079,0.9104347788559877,-0.517976222943165,-0.6186119809779638,-0.6933940852510163,0.6971499409115423,0.1903971767212731,-0.16873329190333552,-0.9650914137376674,-0.40489545347289324,-0.7375392736723891,-0.563996416972991,0.11579297575406255,-0.17145012532789727,0.4382047746389306,0.34139042718557033,-0.27897804031153406,-0.9978011855433822
130,0.08060218146044562,-0.6086312022093698,-0.31465607230151726,0.9887907376255956,-0.4787033709616644,-0.9066892337872958,-0.5185866298417279,0.3581022525557209,-0.6977116777888026,-0.774801629032972,-0.1103442216865349,0.9444584100093518,0.323859420538094,0.2639450197874247,-0.5786743384043853,0.544370200275319,0.14265545293951853,0.6561877019509483,-0.8212853523369603,0.5575197675932457,-0.14301154659484738,0.6233455933766578,0.25101690554053135,0.3261266437287691
131,0.4472792200451412,-0.8306084928092301,-0.17471853351853284,0.5935954471352269,0.8371433833768966,-0.37227863742234524,0.09140241243925495,-0.46679893976711484,0.15693851878037934,0.9846154739906645,-0.590418283699258,0.6342627167979764,-0.8202157725925989,-0.4840154142286883,0.08448855123798538,0.07119022929588437,0.9891820306429251,0.4177360421262395,0.8364509036828298,0.09346080738962592,0.9122608914447905,0.38697916781530806,0.5693729771575331,0.48265761230256743
132,0.01783131292420226,-0.7332462042085719,-0.12912623761197017,0.47401073147859685,-0.4577870200423033,-0.9826675955671758,0.1243316556571541,-0.7900535474794477,-0.9078029153179972,-0.48667541379517565,-0.056595524531993124,0.19219591585988005,-0.7960865394525081,0.02074936657319948,-0.7262317479813434,-0.2287887208943309,0.018826692219970687,-0.8541648021333328,-0.3093289609362595,0.13399448011684267,-0.7827573481878298,-0.8906517194050865,-0.3027638051725625,0.5145277369521934
133,0.46751206966661485,0.47106078911041527,-0.05391732942634975,0.9540413316040517,-0.7539728546190412,-0.3719449408165343,-0.6285865918472118,-0.7461537173225146,0.8308872968120824,0.8838190049888668,0.0015956297707140354,0.9719560263370395,0.9422277438989077,0.017409037929258186,-0.18873112752813093,0.347195276212948,-0.28198191356622915,0.8775693406955636,-0.6094903083964465,0.8166039322179999,-0.14156838899748325,0.382480614189856,0.2464259428641411,0.1481516173526214
134,0.48205572767868365,0.8462064188372991,0.8440301046795584,-0.9206618569332823,0.009930744302600436,0.9228601737001207,-0.11219106238609977,0.6865401030520659,-0.9980741300432239,0.1130585595082847,0.4131392239484224,-0.22467717376613794,-0.29354695315885304,-0.41333977472710837,-0.6997546594406712,-0.31863988346024774,0.23151553548339487,0.9222372916124606,-0.4875031680080377,0.5261799716243634,-0.026775699613633686,-0.2406553459321783,-0.10962594864770092,-0.6080328227983953
135,0.02216067029000679,0.785278718598696,-0.21594414924742122,0.5615991967615157,-0.8198046578725937,-0.34765556305612355,0.4970583957429202,-0.8034892782238225,0.8367023739615205,0.6421372237048153,-0.9208008761090491,0.537521480222426,-0.4586380777868848,-0.09828635507110794,0.7683927479659283,-0.772126937459555,0.6714615585284287,-0.8246112043499061,-0.3527319200431893,0.2095694096189047,0.697812592313537,-0.9980697293848051,-0.34552133253955053,-0.13005178375823512
136,0.5394143168586962,0.03290742218919518,0.9168977372897511,-0.6432793262029288,0.5249130803490585,0.8921633148664756,0.012998122192070527,0.8843252446236542,0.4342222196889516,-0.461940269483033,-0.09575198139513885,-0.9446622907035143,0.9097361667856254,0.5411040418908042,-0.9564850721058342,0.613362314177182,-0.9875071394398363,-0.7624809308765235,-0.43327888832624684,0.8873857682022366,0.6130493722880561,0.6949427607950025,-0.24461969625871927,0.08370945069984281
137,0.5257610529501513,-0.9208866337333232,-0.2332796709159124,0.5409853488403336,0.8371433833768966,-0.32203474536421606,0.13413648807326695,-0.3026459395909926,-0.01853342739984587,0.9526369898061708,-0.48402478139129634,0.26619326636176766,-0.8229973268141333,-0.4514005882572809,0.24512213989486908,-0.14364894809473716,0.9791363007952747,0.6059491294588457,0.780496005250485,0.10664000663331064,0.9967609858217998,0.2602852308748289,0.5599888634636538,0.2273274874533231
138,0.4010526363783322,0.634003217230702,-0.018619386788273573,0.5883213361875825,-0.9329346243862024,-0.4877448920984102,-0.687180991264833,-0.7555611236692736,0.8308872968120824,0.9130180230913687,0.0015956297707140354,0.8609686401290071,0.5850246468540932,0.05867415656040209,-0.2852475511675958,0.34679554619090047,-0.20424291220915936,0.9125640944156796,-0.6052201204024337,0.8799555117834392,-0.28001789007217726,0.4153290576896356,-0.010429562168335904,0.11077896868993187
139,0.4110173479091015,-0.8731880757562267,-0.577167147517877,0.7920975778995243,0.26455742173930585,0.4728382265168931,0.04347549134947282,0.5854593075460544,-0.7507009074071425,0.5540476691709662,-0.07916562166477159,-0.914361761347962,0.9187555045119238,0.1283288938744247,0.5273919497843487,0.32101574522216736,0.6357550015299935,0.4244782622037351,0.6440717591936655,0.7503588946452309,0.31703849545208684,-0.26004658539442205,-0.7426428984311293,-0.030560211491111877
140,0.4472792200451412,-0.8036819753047879,-0.2795767461149905,0.3155789526845225,0.8371433833768966,-0.2975222826271442,0.13413648807326695,-0.3026459395909926,0.1359940096838368,0.9453200178443584,-0.7776032961019812,0.4709712418465033,-0.822689353173846,-0.4467758958288395,0.10489841569368497,-0.09399099450059145,0.9791363007952747,0.6059491294588457,0.8214236980515104,0.10664000663331064,0.9738261451972612,0.24998771743971204,0.5760324658078233,0.32692706050657483
141,0.5516856411690576,-0.0322693892491408,-0.11638189502380292,0.9193333131238457,0.7407939795655183,0.358074337585889,-0.9093899556240901,0.503313466203198,0.9810956426954818,0.7359471017085051,0.6025450288789935,-0.3769880433942081,0.8580777053014255,-0.6905337274350296,0.6012061464939245,0.01492836290831967,0.233284740968978,-0.9169760169653047,0.07897269189877831,0.10791036866768389,-0.4414069008155792,-0.6824800642618793,-0.3771024450302567,0.09256384153871289
142,0.3289354999531291,0.572145667765273,-0.05391732942634975,0.8807914117015592,-0.8882668651842791,-0.4877448920984102,-0.7594865587949235,-0.7461537173225146,0.8268262061252742,0.745171485218109,-0.004550723978135718,0.7807202271881348,0.5353795193651862,0.12620684993787146,-0.32120052689388845,0.40104951944487066,-0.47856589205239763,0.7151088506292722,-0.6094903083964465,0.8166039322179999,-0.14156838899748325,0.41588440656515635,0.0894409079967502,0.2932391453086556
143,-0.11722109239649514,0.04840307620994788,-0.2100706475451688,-0.4369057190408432,0.20437999779240879,-0.987099301296759,-0.6299654761953148,0.48104872046634717,-0.9453665950264722,-0.38919072418475564,-0.6301102291801659,0.4626626500338935,0.8099060879164433,0.7679872831737495,-0.8832799916969345,-0.338161941266254,0.16806017145465302,0.11359553352139562,-0.003713458224185784,-0.9213145251167765,-0.34243540337771705,0.3799563884098449,-0.00212059487520877,-0.7808746269488283
144,0.7662980051552273,0.743498788031578,0.0018707604882646223,-0.5365468285294899,0.7495627209276576,-0.9733490946521774,0.7981108168098079,0.9104347788559877,-0.507673399014789,-0.5027530198892545,-0.7146089113549257,0.9090607990641468,0.3418215894175589,-0.11083774932862389,-0.9733914786724394,-0.40489545347289324,-0.7375392736723891,-0.5342676306661747,0.006891892768789543,-0.17145012532789727,0.4382047746389306,0.47773929591228215,-0.27897804031153406,-0.9978011855433822
145,-0.5575898685310443,-0.08586715895789898,-0.3525200645136599,-0.09213715210105833,0.550725496519886,-0.238727607592651,0.07825814895197158,-0.6508622377946134,0.09882141774224507,-0.43734286969086766,0.061626753095827214,-0.647361058701043,-0.151004261507236,-0.5449250548422873,0.2007837235530725,0.5217207879786931,-0.16650136435502527,0.2521286548936159,0.40582010003537916,0.6879677495441634,0.9935721564406021,0.7981910568397934,-0.9611527289737107,-0.8638308860729096
146,-0.795778347344845,0.5742228631283439,0.5396487410715745,-0.04623466518534336,0.024754619623676977,-0.04563542233584972,0.7972662063481548,0.333716984639008,-0.6582792327223717,0.0881649198004395,-0.38372792108962095,-0.5284028655081385,-0.6838728033442409,-0.8620907512924365,-0.6211430700041511,0.3306562445747969,-0.404011197767292,-0.42936489173027126,-0.6463279627393681,-0.5517769808777495,-0.9809981572123261,0.5462818604732267,0.09427804015673669,-0.011223373382453605
147,-0.16788432533736009,0.5862311148623498,-0.9008297424537308,-0.9072062766232207,0.7459762515639419,0.050095711297251766,-0.250310229491437,0.304019975572446,0.3662867688513638,-0.4286859234070879,-0.16303850334523085,-0.7784103117370749,-0.8575035242797271,0.33043502419242965,0.14532289101995488,0.2353973314448512,0.793841241807766,-0.7062498098222325,-0.007786998609141893,-0.03731938340187835,0.49535216474949606,0.5144673379688613,-0.919356344786483,-0.9185763432673251
148,0.4113876915806285,0.5926192130942234,-0.05391732942634975,0.9540413316040517,-0.8889964189642956,-0.5742941395644687,-0.7391897023545593,-0.7461537173225146,0.825742872752534,0.8838190049888668,-0.15449835110210652,0.925981167861671,0.5695100255089935,0.06981734850066168,-0.24103894701231,0.40104951944487066,-0.15046797151967017,0.8775693406955636,-0.6094903083964465,0.8166039322179999,-0.19783374673039122,0.382480614189856,0.5380492001181933,0.1481516173526214
149,-0.11760331054250228,0.35743462148138305,0.9906320623276026,-0.7430887711710707,-0.817713851177684,-0.3980065812060458,-0.5218698154256514,-0.44871626409044585,0.6908449726635453,0.5729004659401049,-0.4475921177592592,-0.8019323999515147,-0.5509792205016966,0.3900748552573343,-0.14793719820559725,0.8649101986234122,0.3449314114257458,0.6000299422336004,-0.28299227175683517,-0.2824648810314405,-0.8018513654154986,-0.3631962674379803,-0.014021066374454216,-0.7049684387449435
150,0.19380957760215312,-0.8033040613675635,-0.8493081337932344,-0.18406569065025558,-0.9018137957688366,0.9399154791380728,0.21389788706918278,-0.1504497029724543,0.2773421719696507,-0.8789442606217717,0.8149831139177666,-0.6433776098046922,0.4782899973065369,0.8356148402486068,-0.8102715036628669,-0.3509245596746662,-0.13653548438908625,-0.391814713989576,0.15420694738787288,0.005915545513655696,0.19456895008244857,-0.0609648647586114,-0.1933212490615026,0.6395167459531106
151,-0.8649382399659487,0.5884059232833765,-0.974533350225949,-0.4851380403643344,-0.9876400044430653,-0.43721631814522977,-0.37694656394746207,-0.63515608624094,-0.18676829837747988,0.7586653647006598,-0.4855741713767574,-0.6068278792035151,-0.45846222722762864,-0.3343793677417686,0.23711364115979583,0.3022871211194498,0.3645749297423342,0.04953535188969105,0.48958703493823785,0.3352270224694842,0.6239778788685348,-0.9262443291186964,-0.696280116731071,0.6719786671640424
152,0.7185119652114862,-0.3098150341051542,0.40250737977575324,0.5798056148326993,-0.961270265932948,0.10021967840256485,0.12528150888005962,0.8746033362754806,-0.4961279411698547,-0.7318992347319568,-0.7504036032546377,-0.3401145728460082,-0.7055616689357738,-0.5648881676245763,-0.8999722290449776,0.3306620176287651,0.2866755446853535,-0.5447646515699371,-0.5005265241665953,-0.3644849843345557,-0.4554758270511763,0.2180601574635186,-0.05124479427284556,-0.4552219034789329
153,-0.33846505548933337,0.40362533756008445,0.7590354675081488,-0.39390788860099146,-0.6879936674515286,0.10101217707753318,-0.44262824000942946,-0.10888412226474165,0.2884672346887758,0.23928514962609793,-0.006758126655089347,0.23978694279084944,0.27573182613096003,0.30876856326002944,-0.2001626007272279,-0.12575072230359652,0.8232976532903222,0.12595302822069177,-0.23359641547566734,0.5198262444275088,-0.037112506972429404,-0.9867929387790761,-0.09207933087021614,-0.28286145999314183
154,-0.2167773554648149,0.35743462148138305,0.9722536213492092,-0.7430887711710707,-0.9291193945798255,-0.3980065812060458,-0.6241236292547587,-0.6895673964815014,0.6041194350847408,0.48444587614926093,-0.4475921177592592,-0.8019323999515147,-0.5264040129159857,0.3900748552573343,0.07226595290295657,0.8162171709532062,0.21376658473331878,0.6000299422336004,-0.3854950949497489,-0.07241454427602578,-0.8018513654154986,-0.6317700712663297,0.10359787943619225,-0.7192776671963361
155,-0.5069888689099897,0.7104031040218348,0.5424153208420275,0.22907711946293996,-0.8476533885885285,-0.7736491722906653,0.3066950008990328,0.4773054960710168,-0.29300243790281555,-0.07041051205905058,0.9035609121922359,0.46443871138174897,0.8990505935094526,-0.38351550372411647,-0.9852924220737667,-0.503923238709475,0.6658288612951562,-0.20793650647199002,0.2068381083736015,0.37226526065087184,0.13419930031755678,0.255554570202005,-0.7269116022788202,0.8534401380519119
156,0.46751206966661485,0.634003217230702,-0.05391732942634975,0.9680500680252464,-0.8270867749510527,-0.5642543636599444,-0.527871319952326,-0.7461537173225146,0.8308872968120824,0.8838190049888668,0.0015956297707140354,0.925981167861671,0.5695100255089935,0.017409037929258186,-0.2303170615259278,0.6515581085365818,-0.21135695784929331,0.8775693406955636,-0.6094903083964465,0.8166039322179999,-0.34987866896259745,0.382480614189856,0.2464259428641411,0.16280571306212854
157,-0.23783455151766053,0.8066458107883685,-0.5706091601274004,-0.5284236081475093,0.9590540546437583,-0.8787885875303989,-0.888058907715592,-0.4126702444021655,-0.2768845175160459,0.9642248173889054,0.03978966351944324,0.9526739000089501,0.39835100419231373,0.2530373667289514,-0.5938657504637639,0.4093189847110119,-0.9457475628001515,0.004018139264487353,0.16609450735378561,-0.5978090842595936,0.9620380106593271,-0.8363156623738002,-0.518553759535074,0.7402931801564216
158,0.2918972331970717,0.17727222887561078,-0.8452911100197575,-0.644828581385871,-0.14966570710030336,0.25599416527532304,-0.07652531360118231,0.7543613383237091,-0.68552491304458,0.43729417459378594,-0.6658241395274529,0.4852902055673729,0.38101675054653295,-0.8544550768220502,0.6298354411976379,-0.4078769807992422,0.7702285160438804,-0.3827529437831716,-0.9054731876244333,-0.6018771370745606,-0.5143493035550941,0.9481199356890171,-0.8202649144596694,0.9625981677113067
159,0.5106253363630133,-0.781064490845838,0.535676130473719,-0.7208552654279219,0.8726149372198222,-0.801119490041583,-0.8058120948461178,-0.6864936250774467,0.4575369346673075,-0.8682219591656053,-0.8323494783721226,0.40851964216091097,0.3925343689590912,-0.9509359754653666,-0.5105774930907252,-0.4426567078094701,-0.04048812989541695,-0.07380749744264725,-0.42861561823630545,-0.17363331405505567,-0.5767658595288137,-0.899209485998208,-0.2340583647456047,0.34203071637570615
160,0.4426397631588963,0.7007857102026809,0.20738509996961296,0.04678078496714799,0.6661932678220643,0.3685164733182251,-0.9625870931037435,-0.7947059180673319,-0.7863488149908084,-0.09452232898719504,-0.3978464450717347,-0.8872817547857832,0.1584267619242179,-0.15653396856231905,-0.7765854482242023,0.8311817508309927,0.156067103168267,0.1624867438991373,0.8965215900782804,-0.5863790314597963,-0.08523427596209521,-0.9515045129284838,-0.7096127444713454,0.858359445566415
161,0.5419585496198998,-0.7811609461877516,-0.7838570725414507,0.1934054910581504,0.6249816694366246,0.7993324808808207,0.4231098549352157,0.25310821217255475,-0.11564524720966807,0.6083402850584769,-0.569269336003436,0.524689210738781,0.5302846883813039,0.5837227400098237,-0.795401679256585,0.9207704613473187,-0.7585138977226737,-0.998601600378086,0.36349850674230577,0.3567405252663367,-0.005479038001546588,0.7857398337666388,0.5475521287857601,-0.19151974609347033
162,0.584754987046167,-0.004445619083957686,-0.6446152347904861,-0.8003643431397942,0.4737712973938828,0.7260533689320869,0.3582848464660271,0.8612822588215894,-0.3254613478570958,0.3377579412552336,0.3628476712678885,0.956545806468776,-0.3544530045471326,-0.8004683282476752,-0.25726967833748793,0.9262481191686396,-0.08002954491937309,0.49460098941379305,-0.681676128353421,-0.21699271231027084,-0.17941391700148257,0.8867531165866409,-0.4086663315442207,-0.7921724900955089
163,0.7785372472922469,-0.38015890016889764,-0.03907372649048613,0.03414428375171363,-0.5739955579167955,0.570816806924539,0.7634855453013003,0.3377076427859247,-0.9368282354503472,0.5895462709782844,0.47057190612709454,0.9658304771950206,0.8476449600176044,-0.1403319071235538,-0.8266936487906338,-0.5925862279924492,0.8612718176841718,-0.9030312387004302,0.9906106088202373,0.9073288083029254,0.22413977168300958,0.004411970133069154,-0.007532703560655385,-0.2090719617319663
164,0.4472792200451412,-0.8306084928092301,-0.2332796709159124,0.5447593264092161,0.8371433833768966,-0.3526315072404649,0.036238538715890334,-0.46679893976711484,0.15693851878037934,0.9846154739906645,-0.48402478139129634,0.6342627167979764,-0.8202157725925989,-0.41509802317744926,0.08448855123798538,0.16769930608858585,0.9866428788683372,0.6059491294588457,0.8364509036828298,-0.05147458660962312,0.9122608914447905,0.2422284500889058,0.5693729771575331,0.2641667839064874
165,0.14185722292650071,0.6941297403544768,0.9472796901861416,0.36281064154167386,-0.8879598246244742,-0.422237492468009,0.2851664789517485,-0.9494142963091632,0.9221129132834534,-0.23166502235971942,0.6412743759142476,-0.15332739259801453,-0.8704224118878656,-0.029616315427498208,0.4935839201223553,0.42083082446524855,0.6475675270676657,0.4101955891110709,-0.03126942294703006,0.127876184187812,-0.2724549065726549,0.5873155310616069,-0.7230077813750679,-0.40895609449727277
166,0.1959601231219814,0.010011569691687372,0.41452729548117384,0.28368348259654863,0.3410236995102127,0.31781808744134143,-0.632956928924612,0.9828035235995352,-0.2398480464086068,-0.8578565187415752,-0.22678379672485693,0.427184045009082,0.9183375000678438,0.366094686137993,0.6596258170019584,0.8667264385215019,0.05683939493945478,-0.8435323472512999,0.628148349674994,0.31205865060815063,-0.9363832869965703,-0.9929794457343586,-0.775991802909791,0.03314819330888508
167,0.6530460828138149,-0.48696421703555126,-0.8530481755739845,0.6976965308710907,0.045103604476800285,0.7553926440907879,-0.7816596399185318,0.5209760985915737,0.7992734815233067,0.5254181483248976,0.6040750282177014,0.8404899221174116,0.9075258896475125,0.24094353899010357,0.045041168512500285,-0.7634640919308802,-0.026580405583946032,0.4587683321596574,0.8129014577419871,0.5698314219398501,-0.26877557288192544,-0.088895744540338,-0.08914335795686146,-0.02734680366961273
168,0.38672059016805593,0.37211119488153543,-0.7678690455216965,0.9558615669917618,-0.5385756510048698,0.7891490606497493,-0.5068446601193601,-0.4621000143395957,-0.17024549090075314,0.7638577622146809,-0.5467591557862548,0.5794377950195002,0.14187061455821826,-0.9063334961201608,-0.25681060473729067,0.9115546687050988,0.4351073549768847,-0.09881857127556093,0.9455149691469402,-0.6944182692510752,-0.2389838522608736,0.43934252973655274,0.2978764783977659,0.8375075350257348
169,0.8997053810532305,-0.8117206542961306,-0.39896931096319066,0.7894653888402658,-0.9096705608303806,0.9844119325451688,-0.5954702847038087,0.6136869819551203,-0.3202558280947112,-0.7206720620046301,0.27717894029593837,-0.4591852455816765,0.055576672072608746,0.7800970120259003,-0.9092086069276419,0.6554837753143277,-0.8827928722743454,-0.5273982954573742,-0.21465314174204453,0.6283534896349634,-0.11948008890398332,0.38444856784404124,-0.38820765970914817,-0.19204164050872818
170,0.199815872497199,-0.49640915479104675,0.5846102214117381,-0.646300534908093,0.5314984924615485,0.8911879290593392,-0.08385017289755803,-0.9484670904276804,0.5990099912225173,-0.975775574016706,-0.3790162779033823,-0.31541360335109436,-0.7242105311475415,0.7125318524988196,-0.7762048817834637,-0.6332479210721493,-0.10132257646917053,-0.9256056615739587,0.18177710470977093,0.8272603738943729,-0.7129301017543859,-0.41951972849079855,0.407539381638357,0.7244534222022554
171,-0.8135684783474182,-0.15742744990206647,-0.64696202522827,-0.8925501270954805,-0.5917718581867732,0.9155084446112907,0.7453164506107293,-0.23205707637739503,-0.1995770395377645,-0.4886192853927962,-0.5745790865160361,-0.9686817110726056,-0.96077244591134,0.6108483140286569,0.7303323332917186,-0.3007773696928202,-0.6534113928336927,0.744094626262997,-0.5103755897493536,0.7221498186505428,0.42165033016586184,0.6853803547126853,-0.158501845341267,-0.3272176957127888
172,-0.11760331054250228,0.35743462148138305,0.9906320623276026,-0.7430887711710707,-0.817713851177684,-0.3980065812060458,-0.5218698154256514,-0.24968972584695526,0.6399037999301371,0.5729004659401049,-0.4475921177592592,-0.8019323999515147,-0.5264040129159857,0.3900748552573343,0.07226595290295657,0.8649101986234122,0.3449314114257458,0.7585670655892598,-0.3854950949497489,-0.07241454427602578,-0.8018513654154986,-0.3631962674379803,0.06032836288454457,-0.7049684387449435
173,0.3289354999531291,0.531745188138288,-0.05391732942634975,0.8411186819012437,-0.5315492702007318,-0.4877448920984102,-0.7594865587949235,-0.7701902984425992,0.9171916896732104,0.8046046359844268,0.0015956297707140354,0.8609686401290071,0.5353795193651862,0.12620684993787146,-0.32120052689388845,0.40481914379742534,-0.2603639094106438,0.738184833009979,-0.6155646950591578,0.7354768253591926,-0.14156838899748325,0.41588440656515635,0.07832768554759362,0.14054361272318117
174,0.4010526363783322,0.9645096019633175,-0.018488814275732013,0.5883213361875825,-0.9329346243862024,-0.4877448920984102,-0.9388654123513269,-0.7219201533532011,0.8308872968120824,0.8929121591337295,0.0015956297707140354,0.8730356718051206,0.5695100255089935,0.05867415656040209,-0.32120052689388845,0.40104951944487066,-0.20424291220915936,0.9005899857154673,-0.4928375157627738,0.8799555117834392,-0.20010877249487424,0.38286147244521884,0.07832768554759362,0.11077896868993187
175,0.3289354999531291,0.5290857577013497,-0.05391732942634975,0.8411186819012437,-0.5315492702007318,-0.5112869087898235,-0.7594865587949235,-0.7701902984425992,0.8308872968120824,0.8838190049888668,0.13086528390467134,0.8609686401290071,0.5353795193651862,0.12620684993787146,-0.32120052689388845,0.40481914379742534,-0.2603639094106438,0.8180320997506629,-0.6094903083964465,0.7354768253591926,-0.14156838899748325,0.41588440656515635,0.07832768554759362,0.14054361272318117
176,0.4010526363783322,0.634003217230702,-0.018488814275732013,0.5883213361875825,-0.8306375922992468,-0.4877448920984102,-0.777845290112523,-0.7461537173225146,0.8308872968120824,0.8838190049888668,0.08042194343292342,0.8609686401290071,0.5778308697109571,0.05867415656040209,-0.2957092905371388,0.40104951944487066,-0.20424291220915936,0.8945582748612386,-0.6094903083964465,0.8166039322179999,-0.3212690432520391,0.382480614189856,0.07832768554759362,0.11077896868993187
177,-0.23783455151766053,0.8066458107883685,-0.5706091601274004,-0.5284236081475093,0.9715350679691241,-0.8787885875303989,-0.888058907715592,-0.4126702444021655,-0.2768845175160459,0.9642248173889054,0.03978966351944324,0.9526739000089501,0.3036604603384827,0.2530373667289514,-0.32132591454867976,0.4093189847110119,-0.9613986844079556,0.004018139264487353,0.16609450735378561,-0.46497399088035407,0.9620380106593271,-0.7005064061947885,-0.518553759535074,0.7402931801564216
178,0.4472792200451412,-0.8306084928092301,-0.2332796709159124,0.5135568767303391,0.8475879158349553,-0.32203474536421606,0.1425663470671259,-0.46679893976711484,0.1921661970978048,0.9471193466981318,-0.48402478139129634,0.6342627167979764,-0.8202157725925989,-0.5265366387661485,0.24512213989486908,0.07119022929588437,0.9794651032121398,0.6059491294588457,0.8646182793334336,0.1500739492366736,0.9232626408414,0.35641441456593004,0.5782905198439812,0.2641667839064874
179,0.3166189360844709,0.27215671830610555,0.008670311145985155,0.6512826430759369,-0.8256055243288332,-0.5658137361000166,0.09604337285495435,-0.6269066400939602,-0.9748946274208301,0.008237325292360875,0.22733948444039997,0.3091901306752005,0.6853010050575985,0.32154167862533756,0.7797966464138035,0.15107774024202714,-0.7075788200647479,0.7902596635411607,0.69261948625372,-0.3575201635140328,0.9786704362484493,-0.3632125763174354,0.6367900958636943,0.13018738298864374
180,0.34056216567762987,0.21142775242348466,-0.42477584387195555,-0.11598421083645127,-0.7604054557088911,0.41273069519020367,0.8445681064583448,0.5253866304501655,0.8493874153136678,-0.41680725868770296,0.12327444716728775,-0.4704458439712982,0.8445821694285933,0.058818486787808766,-0.9802156471460146,0.00851122283123229,-0.6939367411523798,0.6543882712504183,0.37682792255018893,-0.6602261835209575,0.727243355250434,0.22777329279196845,0.1735939764042278,0.6217821838000317
181,-0.472700092234974,0.06414428005757533,-0.6262801860356044,-0.19873515003582853,0.29703377448354207,-0.1131190711406389,0.4235868219580685,0.79490534323682,-0.9818690194225153,0.2133468120553037,0.47476620690938787,0.29468114306815507,-0.5467275175102824,-0.2501847003851325,0.17313463586481914,-0.17214381725128014,-0.07999832641679672,-0.41403487557079144,-0.1045720679793607,0.1164350973036723,-0.5881652139511482,-0.1285305239425092,0.7879423952999531,-0.15087658308297947
182,0.5394143168586962,0.03290742218919518,0.9537111372353881,-0.6432793262029288,0.5249130803490585,0.8921633148664756,0.012998122192070527,0.8843252446236542,0.4342222196889516,-0.461940269483033,-0.16128467223309695,-0.9446622907035143,0.9097361667856254,0.5411040418908042,-0.9564850721058342,0.613362314177182,-0.7923003007348093,-0.7624809308765235,-0.43327888832624684,0.8873857682022366,0.6130493722880561,0.6949427607950025,-0.19704389786247822,0.08370945069984281
183,0.7785372472922469,-0.38015890016889764,-0.03907372649048613,0.019896606166441178,-0.47718378134175077,0.570816806924539,0.7634855453013003,0.3377076427859247,-0.9368282354503472,0.5365969697637276,0.47057190612709454,0.9658304771950206,0.8476449600176044,-0.1403319071235538,-0.8266936487906338,-0.5925862279924492,0.8612718176841718,-0.9030312387004302,0.9906106088202373,0.9073288083029254,0.16220026890967776,0.004411970133069154,-0.007532703560655385,-0.2090719617319663
184,-0.02694640149063665,0.47302522822206194,0.9472796901861416,0.36620034345915653,-0.8879598246244742,-0.5946215143877849,0.2851664789517485,-0.9494142963091632,0.9825065740129639,-0.25343215039533784,0.6412743759142476,-0.15332739259801453,-0.632605958041631,-0.029616315427498208,0.4935839201223553,0.42083082446524855,0.6475675270676657,0.5334053542358042,0.048285279559390215,0.127876184187812,-0.2724549065726549,0.5873155310616069,-0.7230077813750679,-0.40895609449727277
185,0.4426397631588963,0.7007857102026809,0.20738509996961296,0.04678078496714799,0.6661932678220643,0.3685164733182251,-0.9625870931037435,-0.7947059180673319,-0.7863488149908084,-0.09452232898719504,-0.3978464450717347,-0.8872817547857832,0.1584267619242179,-0.15653396856231905,-0.7765854482242023,0.8342518536996832,0.156067103168267,0.1624867438991373,0.8965215900782804,-0.5863790314597963,-0.08523427596209521,-0.9515045129284838,-0.7096127444713454,0.858359445566415
186,0.38672059016805593,0.502279185027356,-0.7678690455216965,0.9558615669917618,-0.5936113390252122,0.7891490606497493,-0.7662642246499638,-0.4214456523418628,-0.2575990553268672,0.7858425296481855,-0.38779353580394726,0.5794377950195002,0.14162526245790308,-0.9063334961201608,-0.25681060473729067,0.9115546687050988,0.340382885441026,-0.030095731949216775,0.7860003594236908,-0.6944182692510752,-0.217543359660906,0.11438664505705498,0.5124811237426459,0.8035096758557791
187,0.4010526363783322,0.634003217230702,-0.05391732942634975,0.9964847452830459,-0.7539728546190412,-0.4877448920984102,-0.6336130412311309,-0.7152639630238746,0.7884991943259649,0.8838190049888668,-0.20812173008174306,0.925981167861671,0.5695100255089935,0.003517129920991069,-0.18873112752813093,0.4305322872984487,-0.187194662002512,0.8790647297924492,-0.6094903083964465,0.8166039322179999,-0.14156838899748325,0.382480614189856,0.2464259428641411,0.5165944157972602
188,0.3442043897934677,0.5567755784700532,0.6612130692514187,0.7621060946288518,0.13388884086428465,0.6356236491349907,-0.573714560662473,0.19298324067710726,-0.00246751945969792,-0.2298565057724431,0.5987274490695627,0.35660116202649905,-0.07700359802488888,-0.2762013016019067,0.5261231405968425,0.7120906371326623,-0.7473525591463182,0.25014650746807,0.46045501442301084,0.050792466023159344,0.2598084732171808,-0.6872885453903275,0.17839379277048506,-0.7904126358895451
189,0.13795405691352003,0.37211119488153543,-0.7678690455216965,0.9558615669917618,-0.5871347443542854,0.7891490606497493,-0.5068446601193601,-0.4621000143395957,-0.17024549090075314,0.7638577622146809,-0.5392845796713623,0.5794377950195002,0.47522570003931563,-0.9063334961201608,-0.25681060473729067,0.9115546687050988,0.4351073549768847,-0.09881857127556093,0.9455149691469402,-0.6944182692510752,-0.17849684408617117,0.43934252973655274,0.2978764783977659,0.8375075350257348
190,0.6267008264676903,-0.3551377600648651,0.6205227478878896,0.25052255583825866,-0.9374800623053445,-0.561533144660483,-0.514617756619056,-0.3074048990883713,-0.8977031460148279,0.9793330989894651,-0.3296912465835051,-0.9674944300812023,-0.022603870523091762,-0.5387665117444809,-0.8889240720208422,0.5744739090256714,0.49461144119259637,0.2992524588714083,-0.6447081309158129,-0.16007353554920378,0.2650716534599693,-0.6380689800424713,-0.24334018365440624,-0.6393592576285694
191,0.7228932410450206,-0.2871348899540547,0.393155389040021,-0.3911466490289073,-0.005586589455389035,0.0019666619791134377,0.11527831855341475,-0.292424035651234,-0.3827717144588554,-0.44121417292023124,0.0242851525484018,0.9062612132940002,0.7822321052914809,-0.8604907033226008,0.07714988152176705,-0.14462868946764673,-0.24504359742299608,-0.020903841321726402,-0.033553165153196174,0.6641079366014178,0.6800599983908431,-0.7960458164993123,0.16576450517463925,-0.8338363221648559
192,0.46751206966661485,0.634003217230702,-0.05391732942634975,0.9680500680252464,-0.8270867749510527,-0.5055881266390365,-0.527871319952326,-0.7461537173225146,0.8308872968120824,0.8838190049888668,0.0015956297707140354,0.925981167861671,0.5695100255089935,0.017409037929258186,-0.2303170615259278,0.6515581085365818,-0.28082450180318874,0.8364084211654386,-0.6094903083964465,0.8166039322179999,-0.2518193425790818,0.382480614189856,0.2464259428641411,0.12701806841147234
193,0.5257610529501513,-0.9208866337333232,-0.2332796709159124,0.5409853488403336,0.8371433833768966,-0.32203474536421606,0.13413648807326695,-0.3026459395909926,-0.01853342739984587,0.9526369898061708,-0.48402478139129634,0.26619326636176766,-0.8229973268141333,-0.4514005882572809,0.24512213989486908,-0.14364894809473716,0.8859484215857887,0.6059491294588457,0.780496005250485,0.10664000663331064,0.9967609858217998,0.2602852308748289,0.5599888634636538,0.2273274874533231
194,0.7662980051552273,0.743498788031578,-0.06238514156937103,-0.5365468285294899,0.8019029295232234,-0.9162744139281171,0.7981108168098079,0.9104347788559877,-0.507673399014789,-0.4559184524671287,-0.7146089113549257,0.9090607990641468,0.3418215894175589,-0.16873329190333552,-0.9650914137376674,-0.5026867323037827,-0.7375392736723891,-0.5342676306661747,0.006891892768789543,-0.17145012532789727,0.4382047746389306,0.6175240576265015,-0.27897804031153406,-0.9978011855433822
195,0.3289354999531291,0.5260338341137967,-0.05391732942634975,0.8411186819012437,-0.6116609493102882,-0.4877448920984102,-0.8162840316669024,-0.7701902984425992,0.8442197678208874,0.8838190049888668,0.0015956297707140354,0.8609686401290071,0.5353795193651862,0.12620684993787146,-0.32120052689388845,0.40481914379742534,-0.2603639094106438,0.8180320997506629,-0.6094903083964465,0.7266920003576303,0.04188247075266971,0.41588440656515635,0.07832768554759362,0.14054361272318117
196,0.27032575203993003,-0.273512656385662,0.6992398939345943,-0.06538641223365582,0.746853564406619,0.598635907943806,0.3622344396870465,-0.5425571768214059,-0.49575415596698047,-0.6185439575913911,-0.8620651260006464,0.5685370681424975,0.2635419926042677,0.8247210494614674,-0.8672282758656262,0.15195795290961245,-0.16565712212315886,0.060029530051335156,0.6833883821420459,0.11017218886407498,0.6438809582333216,0.29169586096823674,-0.9669711929614473,-0.1311412289583862
197,0.7662980051552273,0.743498788031578,0.0018707604882646223,-0.5365468285294899,0.8513627131712689,-0.8981443462878498,0.7981108168098079,0.9180600963504679,-0.517976222943165,-0.6186119809779638,-0.6933940852510163,0.7384287452598475,0.1903971767212731,-0.16873329190333552,-0.9650914137376674,-0.40489545347289324,-0.7375392736723891,-0.563996416972991,-0.03724922031389433,-0.17145012532789727,0.4382047746389306,0.34139042718557033,-0.27897804031153406,-0.99870866824551
198,0.8548322239581645,-0.06428442826176206,-0.7088557583793971,-0.1350945552332632,0.931015615145119,0.29086349321746807,-0.6374406568790287,-0.5476064461735497,-0.29729502785327644,-0.5423598796967348,0.17189796721849326,0.27112581744911446,0.20169654321845853,0.5643825909150362,0.604027792101866,0.17419468032935104,-0.713658480663649,-0.6194232574364964,-0.5344895979021507,-0.9473960752869799,0.8698619288443821,-0.6498096136363418,-0.3146994186874934,-0.449634387875981
199,0.4113876915806285,0.634003217230702,0.05302534482206833,0.9540413316040517,-0.8397895812331182,-0.5742941395644687,-0.6318117442993676,-0.7461537173225146,0.7915606016823691,0.8838190049888668,0.07762609627376427,0.944576759606097,0.5695100255089935,0.11203852244829937,-0.2927327629772807,0.4033504960470602,-0.15046797151967017,0.8775693406955636,-0.6094903083964465,0.8166039322179999,-0.25838640736968777,0.382480614189856,0.5380492001181933,0.11943342930346423
