,0,1,2,3,4,5,6,7,8,9,10,11
0,0.3214232444498107,-1.0,-0.08891239440241264,-0.20368785557165225,-0.3794086570282258,0.7792663163378983,-0.6628322195051888,0.027970929537774025,-1.0,-0.8041616128111242,-0.22859267443351372,0.8467490248519376
1,0.3348587511229969,-1.0,-0.09494366976948715,-0.2099628527127747,-0.3886042630423373,0.7822798027311013,-0.6982655111173124,0.034594786032637104,-1.0,-0.8013701330129803,-0.22534920380036438,0.8397432701155503
2,0.34837464474847046,-1.0,-0.10098713005822746,-0.21569661018445196,-0.39756250104309376,0.7849278266272287,-0.7334589246190218,0.04187907221320175,-1.0,-0.7985395792176809,-0.22226406550412492,0.8326358344484283
3,0.3619670298006699,-1.0,-0.10704233044601552,-0.22088564145300238,-0.4062801536444218,0.7872035780968382,-0.7683587738180303,0.04981589318010815,-1.0,-0.7956707517052559,-0.2193380270480717,0.825429018690469
4,0.3756319887078179,-1.0,-0.11310882524611635,-0.2255267912171448,-0.4147540898674311,0.7891012045843848,-0.8029118203430488,0.058396646799775076,-1.0,-0.7927644615768306,-0.2165718163555218,0.8181251558531845
5,0.3893655829810363,-1.0,-0.11918616794048123,-0.2296172373266474,-0.4229812662649185,0.7906158259592522,-0.837065354856867,0.06761203302761598,-1.0,-0.7898215305253028,-0.21396612158874406,0.8107266103644516
6,0.40316385434949065,-1.0,-0.12527391121261372,-0.23315449249839693,-0.43095872801443336,0.7917435470659964,-0.8707672774624083,0.0774520639876709,-1.0,-0.7868427906030274,-0.21152159097776213,0.803235777303092
7,0.41702282590123474,-1.0,-0.13137160698049277,-0.23613640582884388,-0.43868360997951306,0.7924814677415263,-0.9039661771791109,0.08790607479772605,-1.0,-0.7838290839865703,-0.2092388326590916,0.7956550816235317
8,0.4309385032294293,-1.0,-0.13747880642955507,-0.23856116410190498,-0.44615313773870935,0.7928276902734606,-0.9366114103683907,0.09896273512819187,-1.0,-0.7807812627386003,-0.207118414524451,0.7879869773707859
9,0.4449068755836023,-1.0,-0.1435950600457288,-0.24042729289152887,-0.4533646285820305,0.7927813242804783,-0.9686531779885545,0.11061006148220909,-1.0,-0.7777001885669867,-0.20516086407948475,0.7802339468860293
10,0.4589239170256201,-1.0,-0.14971991764851866,-0.24173365745825137,-0.46031549247444936,0.7923424890021157,-1.0,0.12283543018367649,-1.0,-0.7745867325811695,-0.20336666831253403,0.7723985000030058
11,0.4729855875900354,-1.0,-0.1558529284241427,-0.24247946343919868,-0.4670032329861229,0.7915123129921167,-1.0,0.13562559105911876,-1.0,-0.7714417750458705,-0.20173627357348545,0.7644831732355368
12,0.48708783444847903,-1.0,-0.16199364095871288,-0.24266425733111652,-0.47342544818899523,0.7902929312161293,-1.0,0.14896668179857125,-1.0,-0.7682662051322179,-0.20027008546273173,0.7564905289563939
13,0.5012265930777583,-1.0,-0.16814160327146152,-0.2422879267661323,-0.4795798315194597,0.7886874795612085,-1.0,0.16284424297991273,-1.0,-0.7650609206663508,-0.1989684687302682,0.7484231545678001
14,0.515397788431326,-1.0,-0.1742963628480076,-0.24135070058008312,-0.48546417260676966,0.7867000867712488,-1.0,0.17724323374036383,-1.0,-0.7618268278755782,-0.19783174718495222,0.7402836616638289
15,0.5295973361137831,-1.0,-0.1804574666736655,-0.23985314867336704,-0.4910763580669021,0.784335863829083,-1.0,0.1921480480781672,-1.0,-0.7585648411321619,-0.19686020361394818,0.7320746851849698
16,0.5438211435580755,-1.0,-0.18662446126678772,-0.23779618166440308,-0.49641437226158747,0.7816008908125555,-1.0,0.20754253176677867,-1.0,-0.7552758826947968,-0.1960540797123771,0.7237988825651399
17,0.5580651112050461,-1.0,-0.192796892712142,-0.23518105033591008,-0.5014762980222347,0.7785022012583712,-1.0,0.22340999986323978,-1.0,-0.7519608824478616,-0.1954135760231891,0.7154589328714099
18,0.5723251336850015,-1.0,-0.19897430669432317,-0.23200934487434155,-0.5062603173384888,0.7750477640739328,-1.0,0.23973325479175334,-1.0,-0.7486207776385132,-0.19493885188727367,0.707057535936729
19,0.5865971010009545,-1.0,-0.20515624853119133,-0.22828299390293927,-0.5107647120111768,0.7712464630436817,-1.0,0.25649460498286597,-1.0,-0.7452565126116998,-0.19463002540381946,0.698597411485928
20,0.6008768997132,-1.0,-0.2113422632073388,-0.22400426330899204,-0.514987864269406,0.7671080739826486,-1.0,0.2736758840480512,-1.0,-0.741869038543167,-0.19448717340093424,0.6900812982552803
21,0.6151604141248822,-1.0,-0.21753189540757983,-0.21917575486601526,-0.5189282573515923,0.7626432395959662,-1.0,0.291258470468916,-1.0,-0.738459313170533,-0.1945103314165325,0.6815119531059117
22,0.6294435274682133,-1.0,-0.2237246895504656,-0.21380040465168637,-0.522584476050211,0.7578634421089988,-1.0,0.309223307779688,-1.0,-0.7350283005225076,-0.1946994936894938,0.6728921501313412
23,0.6437221230910009,-1.0,-0.2299201898218157,-0.20788148126250028,-0.5259552072200742,0.7527809737384754,-1.0,0.3275509252211097,-1.0,-0.7315769706463338,-0.1950546131610965,0.6642246797594414
24,0.6579920856431413,-1.0,-0.23611794020826707,-0.2014225838262299,-0.5290392402499522,0.7474089050805667,-1.0,0.34622145884335576,-1.0,-0.7281062993335269,-0.1955756014867247,0.6555123478491158
25,0.6722493022627385,-1.0,-0.24231748453084015,-0.19442763981339917,-0.5318354674973689,0.7417610514972011,-1.0,0.36521467303509975,-1.0,-0.7246172678439898,-0.19626232905784602,0.6467579747819762
26,0.6864896637615052,-1.0,-0.2485183664785143,-0.18690090264910042,-0.5343428846864161,0.735851937587065,-1.0,0.3845099824553974,-1.0,-0.7211108626285826,-0.1971146250342547,0.6379643945493201
27,0.7007090658091055,-1.0,-0.2547201296418147,-0.17884694912660948,-0.5365605912684432,0.7296967598326578,-1.0,0.4040864743446161,-1.0,-0.7175880750502236,-0.19813227738657269,0.6291344538347043
28,0.7149034101160974,-1.0,-0.26092231754640455,-0.17027067662436757,-0.5384877907454926,0.7233113475194607,-1.0,0.4239229311902295,-1.0,-0.7140499011036026,-0.19931503294899688,0.6202710110924073
29,0.7290686056151336,-1.0,-0.2671244736866854,-0.1611773001280269,-0.5401237909563649,0.7167121220277253,-1.0,0.44399785372291045,-1.0,-0.7104973411335839,-0.2006625974822801,0.6113769356220822
30,0.7432005696400823,-1.0,-0.2733261415593969,-0.151572349059366,-0.5414680043252116,0.7099160546015699,-1.0,0.46428948421800065,-1.0,-0.7069313995523797,-0.20217463574693062,0.6024551066398977
31,0.7572952291027244,-1.0,-0.2795268646972159,-0.14146166391400783,-0.5425199480725651,0.702940622703991,-1.0,0.48477583007709935,-1.0,-0.7033530845555741,-0.20385077158661102,0.5935084123464717
32,0.7713485216666922,-1.0,-0.28572618670235667,-0.13085139270998136,-0.5432792443887309,0.6958037650700288,-1.0,0.5054346876642157,-1.0,-0.6997634078370756,-0.20569058802171591,0.584539748991893
33,0.7853563969183079,-1.0,-0.29192365128016196,-0.11974798724928748,-0.5437456205694794,0.6885238355736792,-1.0,0.5262436663706481,-1.0,-0.6961633843030827,-0.20769362735310648,0.5755520199381393
34,0.7993148175339868,-1.0,-0.298118802272689,-0.10815819919474345,-0.5439189091139885,0.6811195560271918,-1.0,0.5471802128825107,-1.0,-0.6925540317851404,-0.20985939127597364,0.5665481347191925
35,0.8132197604438662,-0.9763876665451128,-0.3043111836922829,-0.09608907596449046,-0.5437990477850024,0.67360996803414,-1.0,0.568221635624602,-1.0,-0.688936370752369,-0.21218734100380354,0.5575310080991557
36,0.8270672179913287,-0.9463945383964404,-0.3105003397551413,-0.08354795644665902,-0.5433860796311843,0.6660143840200834,-1.0,0.5893451293541275,-1.0,-0.6853114240229482,-0.21467689740241436,0.5485035591286768
37,0.8408531990880792,-0.9162300568215603,-0.3166858149148611,-0.07054246653680374,-0.5426801529716555,0.6583523375667564,-1.0,0.6105277998776156,-1.0,-0.681680216474936,-0.2173274411340297,0.5394687101999849
38,0.8545737303644508,-0.8859394417261234,-0.322867153895967,-0.057080514500811974,-0.5416815213427253,0.6506435331775088,-1.0,0.6317466888642412,-1.0,-0.6780437747565068,-0.22013831281135332,0.5304293861008461
39,0.8682248573146019,-0.8555681021039251,-0.3290439017274239,-0.0431702861661164,-0.5403905434068335,0.6429077956031869,-1.0,0.6529787987286652,-1.0,-0.674403126995687,-0.22310881316160924,0.5213885130677417
40,0.8818026454362744,-0.825161567963787,-0.3352156037761233,-0.028820239944125303,-0.5388076828237344,0.6351650188587741,-1.0,0.6742011175564157,-1.0,-0.6707593025096742,-0.22623820320050148,0.5123490178385777
41,0.8953031813647916,-0.7947654220750184,-0.3413818057803465,-0.014039101686907474,-0.5369335080839721,0.6274351150619045,-1.0,0.6953906440448017,-1.0,-0.6671133315138182,-0.2295257044160549,0.503313826705234
42,0.9087225740009583,-0.7644252316337876,-0.3475420538831988,0.0011641406187501424,-0.5347686923047053,0.619737963224822,-1.0,0.7165244124323251,-1.0,-0.6634662448303504,-0.2329704989622895,0.494285864566256
43,0.9220569556325477,-0.7341864799528355,-0.3536958946660175,0.01678024231667996,-0.5323140129879533,0.6120933581314764,-1.0,0.737579517389572,-1.0,-0.6598190735969389,-0.2365717298626786,0.4852680539799973
44,0.9353024830490452,-0.7040944982769448,-0.3598428751817433,0.03279970770274365,-0.529570351741355,0.6045209594312297,-1.0,0.7585331388446056,-1.0,-0.6561728489751568,-0.24032850122334337,0.4762633142185217
45,0.9484553386493321,-0.6741943978263705,-0.36598254298826044,0.04921279579889748,-0.5265386939615345,0.5970402410800892,-1.0,0.7793625667159565,-1.0,-0.6525286018589428,-0.24423987845592776,0.4672745603225673
46,0.9615117315419868,-0.6445310021701157,-0.3721144461816963,0.06600952627640255,-0.5232201284801927,0.5896704412594864,-1.0,0.8000452255263997,-1.0,-0.6488873625831366,-0.24830488851010057,0.45830470215788044
47,0.9744678986378891,-0.6151487800304263,-0.37823813342968565,0.08317968552457777,-0.519615847173049,0.5824305129014008,-1.0,0.8205586988708475,-1.0,-0.6452501606321742,-0.2525225201156249,0.4493566434732264
48,0.9873201057348098,-0.586091778619241,-0.384353154004589,0.10071283286140187,-0.5157271445317749,0.5753390749470582,-1.0,0.8408807537118326,-1.0,-0.6416180243490222,-0.2568917240339369,0.4404332809603791
49,1.0,-0.5574035576065322,-0.3904590578166688,0.11859830688219442,-0.511555417199072,0.5684143644645545,-1.0,0.8609893644762547,-1.0,-0.6379919806444351,-0.2614114133191685,0.4315375033163947
50,1.0,-0.5291271238195263,-0.396555395447216,0.1368252319425115,-0.5071021634670619,0.5616741897485447,-1.0,0.8808627369272715,-1.0,-0.634373054706618,-0.26608046358855253,0.4226721903084753
51,1.0,-0.5013048667706971,-0.40264171818163186,0.1553825247713111,-0.5023689827391696,0.5551358845226074,-1.0,0.9004793317854594,-1.0,-0.6307622697113761,-0.27089771330213996,0.4138402118417219
52,1.0,-0.4739784951111808,-0.4087175780424534,0.17425890121037468,-0.49735757495569055,0.5488162633620668,-1.0,0.9198178880736485,-1.0,-0.6271606465328327,-0.2758619640517611,0.4050444270300796
53,1.0,-0.44718897410488107,-0.4147825278223256,0.19344288307588076,-0.49206973998325165,0.5427315784519084,-1.0,0.9388574461601225,-1.0,-0.6235692034547988,-0.2809719808591594,0.3962876832707778
54,1.0,-0.42097646421698903,-0.4208361211169197,0.21292280513795797,-0.486507376968381,0.5368974777909957,-1.0,0.9575773704752155,-1.0,-0.6199889558828743,-0.2862264924832212,0.38757281532256227
55,1.0,-0.3953802609089915,-0.4268779123577892,0.23268682221397846,-0.4806724836554226,0.5313289649500739,-1.0,0.97595737187668,-1.0,-0.6164209160573633,-0.2916241917362291,0.37890264438801785
56,1.0,-0.37043873573041164,-0.4329074568451645,0.2527229163712748,-0.47456715566903895,0.5260403604870507,-1.0,0.993977529639588,-1.0,-0.6128660927670841,-0.2971637358090563,0.3702799772002817
57,1.0,-0.3461892787955984,-0.4389243107806866,0.2730189042348984,-0.46819358576155845,0.5210452651187835,-1.0,1.0,-1.0,-0.6093254910641561,-0.30284374660522295,0.361707605114439
58,1.0,-0.3226682427317942,-0.44492803130007097,0.2935624443959837,-0.4615540630254409,0.5163565247440819,-1.0,1.0,-1.0,-0.6058001119798406,-0.3086628110837315,0.3531883032038965
59,1.0,-0.2999108881825129,-0.450918176505705,0.31434104491620235,-0.4546509720711397,0.5119861974078798,-1.0,1.0,-1.0,-0.6022909522415218,-0.3146194816105945,0.344724829362029
60,1.0,-0.27795133094792246,-0.4568943054991718,0.3353420709237557,-0.44748679217066145,0.5079455222915317,-1.0,1.0,-1.0,-0.598799003990902,-0.3207122763189695,0.3363199234093852
61,1.0,-0.256822490841473,-0.4628559784137044,0.3565527522962777,-0.44006409636712396,0.5042448908089829,-1.0,1.0,-1.0,-0.5953252545034944,-0.3269396794778088,0.32797630620674467
62,1.0,-0.23655604233944405,-0.46880275644656,0.37796019142597814,-0.4323855505506391,0.5008938198831456,-1.0,1.0,-1.0,-0.5918706859094918,-0.33330014186893553,0.3196966787743138
63,1.0,-0.21718236709738759,-0.47473420189131854,0.3995513710623126,-0.42445391250084763,0.4979009274712046,-1.0,1.0,-1.0,-0.5884362749160891,-0.33979208117244786,0.31148372141734304
64,1.0,-0.1987305084046559,-0.4806498781700981,0.42131316222739773,-0.41627203089645126,0.49527391040179636,-0.9880417784856758,1.0,-1.0,-0.5850229925313408,-0.3464138823603611,0.3033400928584501
65,1.0,-0.18122812764528784,-0.48654934986569076,0.44323233219936414,-0.4078428442920996,0.49301952458105636,-0.9563955575148201,1.0,-1.0,-0.5816318037896276,-0.3531638980983842,0.29526842937693176
66,1.0,-0.164701462830522,-0.49243218275361045,0.4652955525588001,-0.39916938006299596,0.4911435676184388,-0.9241156910229129,1.0,-1.0,-0.578263667478814,-0.36004044915573497,0.28727134395533893
67,1.0,-0.14917528926510915,-0.498297943834052,0.4874894072933793,-0.3902547533176045,0.4896508639169904,-0.891251420698869,1.0,-1.0,-0.5749195358691704,-0.367041824822889,0.27935142543359404
68,1.0,-0.13467288240637743,-0.5041462013637639,0.5098004009557527,-0.38110216577884637,0.48854525226642154,-0.857852879717065,1.0,-1.0,-0.5716003544441387,-0.37416628333716084,0.27151123767092505
69,1.0,-0.12121598297174074,-0.509976524887825,0.5322149668697448,-0.37171490463418844,0.4878295759708815,-0.8239710162611206,1.0,-1.0,-0.5683070616330169,-0.3814120523160096,0.2637533187158851
70,1.0,-0.10882476434694965,-0.5157884852713284,0.5547194753798612,-0.36209634135503743,0.4875056755368261,-0.7896575158044116,1.0,-1.0,-0.5650405885456372,-0.38877732919796226,0.25608017998472726
71,1.0,-0.09751780234394769,-0.521581654730966,0.5773002421390911,-0.3522499304858625,0.48757438393978314,-0.7549647222658789,1.0,-1.0,-0.5618018587091149,-0.39626028169104505,0.24849430544840295
72,1.0,-0.08731204735366704,-0.5273556068665171,0.5999435364299662,-0.3421792084034825,0.4880355244821869,-0.7199455581614006,1.0,-1.0,-0.5585917878067395,-0.4038590482286102,0.24099815082844195
73,1.0,-0.0782227989355121,-0.5331099166922324,0.6226355895138168,-0.3318877920469624,0.48888791124779196,-0.6846534438725437,1.0,-1.0,-0.5554112834190851,-0.4115717384324462,0.23359414280198065
74,1.0,-0.07026368288162099,-0.5388441606681134,0.6453626030031495,-0.3213793776185748,0.49012935215149667,-0.6491422161558313,1.0,-1.0,-0.5522612447674105,-0.4193964335830559,0.22628467821618936
75,1.0,-0.06344663079029189,-0.5445579167310882,0.668110757252048,-0.3106577392562959,0.49175665457673384,-0.6134660460168556,1.0,-1.0,-0.5491425624594234,-0.42733118709698314,0.2190721233123598
76,1.0,-0.05778186217919212,-0.5502507643260767,0.6908662197595062,-0.29972672767830777,0.4937656335859304,-0.5776793560744974,1.0,-1.0,-0.5460561182374793,-0.43537402501107536,0.21195881295989671
77,1.0,-0.0532778691651673,-0.5559222844369447,0.7136151535805758,-0.2885902687999986,0.4961511226829215,-0.5418367375413277,1.0,-1.0,-0.5430027847292878,-0.4435229464735527,0.2049470499004678
78,1.0,-0.049941403733615886,-0.5615720596173446,0.7363437257402156,-0.2772523623239549,0.49890698709964104,-0.5059928669468226,1.0,-1.0,-0.5399834252011946,-0.45177592424176916,0.1980391040025546
79,1.0,-0.04777746761651336,-0.567199674021443,0.7590381156447269,-0.26571708030345254,0.5020261395729197,-0.47020242273042734,1.0,-1.0,-0.5369988933141117,-0.4601309051865395,0.19123721152664175
80,1.0,-0.046789304794261466,-0.5728047134345269,0.7816845234856612,-0.2539885656799631,0.5055005585708165,-0.4345200018317145,1.0,-1.0,-0.5340500328821621,-0.46858581080290396,0.18454357440128993
81,1.0,-0.046978396632600616,-0.5783867653034915,0.8042691786310899,-0.24207103079519987,0.5093213089216122,-0.3990000364048568,1.0,-1.0,-0.5311376776341089,-0.4771385377272082,0.17796035951032096
82,1.0,-0.04834445966187895,-0.5839454187672071,0.8267783479991271,-0.22996875587823995,0.5134785647924114,-0.36369671078448546,1.0,-1.0,-0.5282626509776366,-0.48578695826036417,0.17148969799134656
83,1.0,-0.05088544600200484,-0.5894802646867592,0.8491983444086284,-0.2176860875082619,0.5179616349582613,-0.3286638788295767,1.0,-1.0,-0.5254257657665486,-0.4945289208971702,0.16513368454587168
84,1.0,-0.054597546432445854,-0.5949908956755623,0.8715155349019701,-0.20522743705345647,0.5227589902968002,-0.2939549817714754,1.0,-1.0,-0.5226278240709509,-0.5033622508615467,0.15889437676119117
85,1.0,-0.059475196102674044,-0.6004769061293469,0.8937163490348625,-0.19259727908666446,0.52785829343773,-0.25962296669135543,1.0,-1.0,-0.5198696169504826,-0.5122847506475683,0.15277379444430095
86,1.0,-0.06551108287449303,-0.6059378922560109,0.9157872871281446,-0.17980014977831893,0.5332464304908604,-0.22572020575150148,1.0,-1.0,-0.517151924230661,-0.5212942005661433,0.1467739189680407
87,1.0,-0.07269615828374643,-0.6113734521053431,0.9377149284765576,-0.1668406452672599,0.5389095447711321,-0.1922984163035928,1.0,-1.0,-0.5144755142824018,-0.5303883592972192,0.1408966926296784
88,1.0,-0.08101965110496845,-0.6167831855986059,0.9594859395094875,-0.15372342001001443,0.5448330724338875,-0.15940858199588603,1.0,-1.0,-0.5118411438047783,-0.5395649644473616,0.13514401802214365
89,1.0,-0.09046908349864724,-0.6221666945579845,0.98108708189873,-0.1404531851091294,0.5510017799287451,-0.12710087499962652,1.0,-1.0,-0.5092495576110805,-0.5488217331125833,0.12951775741811428
90,1.0,-0.10103028971689021,-0.6275235827358939,1.0,-0.12703470662116179,0.5573998031757573,-0.0954245794733436,1.0,-1.0,-0.5067014884182349,-0.55815636244627,0.12401973216715761
91,1.0,-0.11268743733945341,-0.6328534558441439,1.0,-0.11347280384492991,0.564010688363104,-0.0644280163817667,1.0,-1.0,-0.504197656639644,-0.5675665302320704,0.11865172210611563
92,1.0,-0.12542305100829565,-0.6381559215829596,1.0,-0.0997723475906443,0.5708174342613989,-0.034158469784066225,1.0,-1.0,-0.5017387701815041,-0.5770498954616037,0.11341546498293303
93,1.0,-0.1392180386250803,-0.6434305896698584,1.0,-0.0859382584305361,0.5778025359457934,-0.004662114703844034,1.0,-1.0,-0.4993255242426601,-0.5866040989168424,0.10831265589410694
94,1.0,-0.15405171997234912,-0.6486770718683739,1.0,-0.07197550493161653,0.5849480298134332,0.0240160533090773,1.0,-1.0,-0.4969586011180521,-0.596226763757026,0.10334494673594574
95,1.0,-0.16990185771546407,-0.6538949820166333,1.0,-0.05788910187119373,0.5922355397804993,0.0518322868176293,1.0,-1.0,-0.4946386700058112,-0.6059154961099567,0.09851394566981281
96,1.0,-0.18674469073883948,-0.6590839360557796,1.0,-0.04368410843579834,0.5996463245400273,0.07874415323252204,1.0,-1.0,-0.4923663868180571,-0.6156678856675344,0.09382121660152698
97,1.0,-0.20455496976649112,-0.6642435520582408,1.0,-0.029365626404155798,0.607161325758972,0.10471059954151818,1.0,-1.0,-0.4901423939954533,-0.6254815062853795,0.08926827867509152
98,1.0,-0.22330599521350347,-0.6693734502558398,1.0,-0.0149387983148635,0.6147612170905671,0.12969201493421623,1.0,-1.0,-0.4879673203255698,-0.6353539165863946,0.08485660578091092
99,1.0,-0.2429696572116714,-0.6744732530677482,1.0,-0.0004088056194266332,0.6224264538759398,0.15365029122681395,1.0,-1.0,-0.48584178076510676,-0.6452826605681176,0.08058762607866027
100,1.0,-0.26351647774931075,-0.6795425851282766,1.0,0.014219133178678511,0.6301373234071553,0.17654888099466615,1.0,-1.0,-0.48376637626602875,-0.6552652682137111,0.07646272153495598
101,1.0,-0.28491565486207104,-0.6845810733145041,1.0,0.02893976439825202,0.6378739956224371,0.1983528533239729,1.0,-1.0,-0.48174169360565733,-0.6652992561064401,0.07248322747598224
102,1.0,-0.30713510880849804,-0.6895883467737414,1.0,0.0437478010672496,0.6456165741031833,0.2190289470975354,1.0,-1.0,-0.4797683052207726,-0.6753821280474817,0.06865043215521477
103,1.0,-0.3301415301611259,-0.6945640369508258,1.0,0.05863792482161906,0.6533451472416347,0.23854562173330607,1.0,-1.0,-0.47784676904576834,-0.6855113756769157,0.06496557633638456
104,1.0,-0.35390042974100666,-0.6995077776152502,1.0,0.07360478781541213,0.6610398394476054,0.2568731052983275,1.0,-1.0,-0.4759776283549078,-0.6956844790977401,0.061429852891813075
105,1.0,-0.3783761903208154,-0.7044192048881177,1.0,0.08864301464148333,0.6686808622625842,0.27398343992466634,1.0,-1.0,-0.4741614116087246,-0.705898907502757,0.05804440641625308
106,1.0,-0.4035321200190309,-0.7092979572689256,1.0,0.1037472042620895,0.6762485652497632,0.2898505244580598,1.0,-1.0,-0.47239863230461054,-0.7161521198041725,0.05481033285635617
107,1.0,-0.4293305073051337,-0.7141436756621717,1.0,0.11891193194869179,0.6837234865291121,0.3044501542742165,1.0,-1.0,-0.4706897888316362,-0.7264415652657533,0.05172867915589063
108,1.0,-0.4557326775333782,-0.7189560034037872,1.0,0.13413175123027013,0.6910864028275425,0.31776005820203934,1.0,-1.0,-0.4690353643296409,-0.736764684137386,0.04880044291682073
109,1.0,-0.48269905092037857,-0.7237345862873865,1.0,0.14940119584944317,0.6983183789154457,0.32975993249743163,1.0,-1.0,-0.46743582655263516,-0.7471189082918764,0.04602657207636146
110,1.0,-0.5101892018795964,-0.7284790725903401,1.0,0.16471478172569667,0.7054008163024685,0.3404314718158774,1.0,-1.0,-0.46589162773655346,-0.7575016618638338,0.04340796460010782
111,1.0,-0.5381619196237817,-0.7331891130996615,1.0,0.18006700892501076,0.7123155010672951,0.3497583971365361,1.0,-1.0,-0.4644032044713935,-0.7679103618904795,0.04094546819134448
112,1.0,-0.5665752699445168,-0.7378643611377116,1.0,0.19545236363518503,0.7190446506984334,0.35772648059525947,1.0,-1.0,-0.46297097757777955,-0.778342418954223,0.03863988001662333
113,1.0,-0.5953866580762479,-0.7425044725877137,1.0,0.21086532014614418,0.7255709598255417,0.36432356718864833,1.0,-1.0,-0.4615953519879844,-0.7887952378268419,0.036491946447703316
114,1.0,-0.624552892550569,-0.7471091059190844,1.0,0.22630034283451855,0.7318776447236924,0.3695395933160419,1.0,-1.0,-0.46027671663144315,-0.7992662181151085,0.03450236281993235
115,1.0,-0.6540302499450219,-0.7516779222125705,1.0,0.2417518881517853,0.7379484864761174,0.37336660213115,1.0,-1.0,-0.45901544432479124,-0.8097527549077005,0.032671773207151644
116,1.0,-0.683774540429362,-0.7562105851851931,1.0,0.2572144066152537,0.7437678726844349,0.3757987556799155,1.0,-1.0,-0.45781189166645886,-0.8202522394232359,0.031000770213194084
117,1.0,-0.7137411740110197,-0.7607067612150028,1.0,0.27268234480118686,0.7493208376190932,0.37683234380608777,0.9863009741265001,-1.0,-0.4566663989358496,-0.8307620596592726,0.02948989478004438
118,1.0,-0.7438852273804434,-0.7651661193656326,1.0,0.2881501473393324,0.7545931007067724,0.37646578981092205,0.9681242038917763,-1.0,-0.4555792899971338,-0.8412796010421054,0.02813963601272451
119,1.0,-0.7741615112561296,-0.7695883314106576,1.0,0.30361225890815574,0.7595711032557699,0.3746996528583729,0.9495960798102727,-1.0,-0.4545508722076832,-0.8518022470772051,0.02695043102095862
120,1.0,-0.8045246381283729,-0.7739730718577538,1.0,0.31906312623005706,0.7642420433249205,0.371536627122111,0.93073668314614,-1.0,-0.453581436331171,-0.8623273800001381,0.025922664777670634
121,1.0,-0.8349290903001731,-0.7783200179726543,1.0,0.3344972000658514,0.7685939086463789,0.36698153767566577,0.9115664542053965,-1.0,-0.45267125645536543,-0.8728523814277945,0.025056669994360292
122,1.0,-0.8653292881233252,-0.7826288498029056,1.0,0.3499089372077999,0.7726155075175984,0.3610413331319611,0.8921061701821875,-1.0,-0.4518205899146368,-0.8833746330097786,0.02435272701339586
123,1.0,-0.8956796583273591,-0.7868992502014159,1.0,0.36529280247047347,0.7762964975830593,0.3537250750434763,0.8723769226399244,-1.0,-0.45102967721720155,-0.8938915170797853,0.023811063717261716
124,1.0,-0.925934702338941,-0.7911309048497998,1.0,0.380643270678738,0.7796274124317295,0.3450439240791968,0.8524000946516936,-1.0,-0.4502987419771235,-0.9044004173068089,0.023431855454786987
125,1.0,-0.9560490644892763,-0.7953235022815117,1.0,0.39595482865214104,0.7825996859418562,0.33501112299944535,0.8321973376247285,-1.0,-0.4496279908510919,-0.9148987193460189,0.023215224984381333
126,1.0,-0.985977600007294,-0.7994767339047727,1.0,0.4112219771849929,0.7852056743104825,0.32364197645456294,0.8117905478340471,-1.0,-0.44901761347999336,-0.9253838114891421,0.023161242434295404
127,1.0,-1.0,-0.803590294025283,1.0,0.4264392330214276,0.7874386757110335,0.3109538276382561,0.7912018426906975,-1.0,-0.44846778243529484,-0.9358530853141888,0.023269925279918446
128,1.0,-1.0,-0.8076638798687222,1.0,0.4416011308247343,0.78929294752842,0.2969660318312247,0.7704535367703331,-1.0,-0.44797865317025276,-0.946303936334361,0.023541238338121384
129,1.0,-1.0,-0.8116971916030356,1.0,0.4567022251402566,0.7907637211273355,0.28169992687543055,0.7495681176280926,-1.0,-0.44755036397596193,-0.956733764645982,0.023975093778645817
130,1.0,-1.0,-0.8156899323605018,1.0,0.4717370923511472,0.7918472141157671,0.265178800624042,0.7285682214259999,-1.0,-0.4471830359422563,-0.9671399755752859,0.024571351152537724
131,1.0,-1.0,-0.819641808259585,1.0,0.48670033262628143,0.7925406400721826,0.24742785541671597,0.7074766083993018,-1.0,-0.44687677292347355,-0.9775199803239054,0.02532981743761309
132,1.0,-1.0,-0.8235525284265639,1.0,0.5015865718596277,0.7928422157113769,0.22847416963440004,0.6863161381883336,-1.0,-0.4466316615090926,-0.9878711966128997,0.026250247100943647
133,1.0,-1.0,-0.8274218050169426,1.0,0.516390463600378,0.7927511654705509,0.2083466563923123,0.6651097450626424,-1.0,-0.4464477709992519,-0.9981910493251568,0.027332342178342406
134,1.0,-1.0,-0.8312493532366367,1.0,0.5311066909731477,0.7922677235038288,0.1870760194340988,0.6438804130642269,-1.0,-0.44632515338515655,-1.0,0.028575752370820384
135,1.0,-1.0,-0.835034891362935,1.0,0.545729968587551,0.7913931330800827,0.16469470629445937,0.6226511510968362,-1.0,-0.44626384333437863,-1.0,0.029980075157987063
136,1.0,-1.0,-0.8387781407652357,1.0,0.5602550444364706,0.7901296433856153,0.1412368588016878,0.6014449679883155,-0.9953027615969012,-0.44626385818105585,-1.0,0.03154485592835543
137,1.0,-1.0,-0.8424788259255541,1.0,0.5746767017823344,0.7884805037399225,0.11673826099563345,0.5802848475530442,-0.9873815679483525,-0.4463251979209907,-1.0,0.033269588126509986
138,1.0,-1.0,-0.8461366744588028,1.0,0.5889897610307298,0.7864499552394096,0.09123628454052846,0.5591937236814724,-0.9794160140155538,-0.4464478452116514,-1.0,0.03515371341709045
139,1.0,-1.0,-0.8497514171328399,1.0,0.6031890815906735,0.7840432198505545,0.0647698317159604,0.5381944554837745,-0.9714078724660792,-0.4466317653770753,-1.0,0.037196621865537405
140,1.0,-1.0,-0.8533227878882853,1.0,0.6172695637208753,0.7812664869805632,0.03737927607294689,0.5173098025145519,-0.9633589254450218,-0.4468769064176731,-1.0,0.03939765213554275
141,1.0,-1.0,-0.8568505238581041,1.0,0.6312261503613297,0.7781268975600569,0.009106400845645513,0.4965624001054301,-0.9552709641783916,-0.44718319902492987,-1.0,0.04175609170313871
142,1.0,-1.0,-0.8603343653869546,1.0,0.6450538289495793,0.7746325256787228,-0.020005664787359212,0.4759747348322976,-0.9471457885744946,-0.4475505566010014,-1.0,0.044271177087358615
143,1.0,-1.0,-0.863774056050299,1.0,0.6587476332209956,0.7707923578211588,-0.04991251149494591,0.45556912014376993,-0.9389852068233757,-0.4479788752831974,-1.0,0.046942094097393194
144,1.0,-1.0,-0.8671693426732789,1.0,0.6723026449924325,0.766616269756309,-0.08056851753817912,0.4353676721772886,-0.9307910349944231,-0.4484680339733468,-1.0,0.049767978096162735
145,1.0,-1.0,-0.870519975349349,1.0,0.6857139959286108,0.7621150011399256,-0.11192691836450491,0.41539228578907805,-0.9225650966322169,-0.44901789437203554,-1.0,0.05274791428021974
146,1.0,-1.0,-0.8738257074586714,1.0,0.6989768692906,0.7573001278953688,-0.14393987794527308,0.3956646108239278,-0.9143092223507137,-0.449628301017708,-1.0,0.05588093797589189
147,1.0,-1.0,-0.8770862956862676,1.0,0.7120865016657687,0.7521840324437784,-0.1765585617477477,0.37620602865052477,-0.906025249425859,-0.45029908133062024,-1.0,0.059166034951569524
148,1.0,-1.0,-0.8803015000399279,1.0,0.7250381846785834,0.7467798718601704,-0.2097332112303006,0.3570376289877689,-0.8977150213867173,-0.45103004566163396,-1.0,0.06260214174603446
149,1.0,-1.0,-0.8834710838678752,1.0,0.737827266681638,0.7411015440373558,-0.24341321974714142,0.33818018704718955,-0.8893803876052104,-0.45182098734583487,-1.0,0.06618814601272832
150,1.0,-1.0,-0.8865948138761846,1.0,0.7504491544263139,0.7351636519446968,-0.27754720974680325,0.3196541410162225,-0.8810232028845535,-0.4526716827609637,-1.0,0.06992288687984333
151,1.0,-1.0,-0.8896724601459521,1.0,0.7628993147124605,0.7289814660736136,-0.31208311114661225,0.3014795699067739,-0.8726453270464852,-0.4535818913906404,-1.0,0.0738051553261242
152,1.0,-1.0,-0.8927037961502214,1.0,0.7751732760165142,0.7225708851664264,-0.346968240763583,0.28367617179306337,-0.8642486245173803,-0.4545513558923653,-1.0,0.0778336945722547
153,1.0,-1.0,-0.8956885987706545,1.0,0.787266630097461,0.7159483953295204,-0.38214938268058174,0.26626324246233474,-0.8558349639133357,-0.4555798021702768,-1.0,0.08200720048770754
154,1.0,-1.0,-0.8986266483139543,1.0,0.7991750335800747,0.709131027635987,-0.41757286942514765,0.24925965450158144,-0.8474062176243276,-0.4566669394526472,-1.0,0.08632432201291979
155,1.0,-1.0,-0.9015177285280362,1.0,0.8108942095148577,0.7021363143267716,-0.4531846638371531,0.23268383684294341,-0.8389642613975242,-0.4578124603740913,-1.0,0.09078366159666301
156,1.0,-1.0,-0.9043616266179441,1.0,0.8224199489141224,0.6949822437229669,-0.4889304415003998,0.21655375478994826,-0.8305109739198567,-0.4590160410624683,-1.0,0.09538377564846207
157,1.0,-1.0,-0.9071581332615121,1.0,0.8337481122636676,0.6876872139652049,-0.5247556736124183,0.2008868905462481,-0.8220482363999301,-0.46027734123044967,-1.0,0.10012317500591883
158,1.0,-1.0,-0.9099070426247737,1.0,0.8448746310094986,0.6802699856991143,-0.5606057101660452,0.18570022426795318,-0.8135779321493786,-0.46159600427172803,-1.0,0.1050003254167875
159,1.0,-1.0,-0.9126081523771107,1.0,0.8557955090190663,0.6727496338285216,-0.596425863315903,0.17101021566009128,-0.8051019461637485,-0.46297165736184065,-1.0,0.11001364803564756
160,1.0,-1.0,-0.9152612637061449,1.0,0.8665068240164933,0.6651454984604767,-0.6321614908025894,0.15683278613715423,-0.7966221647030093,-0.4644039115635773,-1.0,0.115161519935013
161,1.0,-1.0,-0.9178661813323729,1.0,0.8770047289912742,0.6574771351682507,-0.6677580793073399,0.1431833015670505,-0.7881404748717811,-0.46589236193694444,-1.0,0.12044227463071011
162,1.0,-1.0,-0.9204227135235382,1.0,0.8872854535799439,0.6497642647002244,-0.7031613276099749,0.13007655561717957,-0.7796587641993767,-0.4674365876536535,-1.0,0.12585420262135744
163,1.0,-1.0,-0.9229306721087445,1.0,0.8973453054202198,0.642026722263988,-0.7383172294233302,0.11752675372066768,-0.7711789202197471,-0.46903615211610106,-1.0,0.13139555194176927
164,1.0,-1.0,-0.925389872492305,1.0,0.9071806714771268,0.6342844065160931,-0.7731721557777489,0.10554749768014826,-0.7627028300514256,-0.4706906030808081,-1.0,0.13706452873010894
165,1.0,-1.0,-0.9278001336673295,1.0,0.9167880193406335,0.6265572283886274,-0.8076729368300062,0.09415177092577498,-0.7542323799775663,-0.47239947278628214,-1.0,0.14285929780860096
166,1.0,-1.0,-0.9301612782290477,1.0,0.9261638984943311,0.6188650598842244,-0.8417669429718508,0.0833519244434412,-0.7457694550261675,-0.47416227808526723,-1.0,0.1487779832776217
167,1.0,-1.0,-0.9324731323878668,1.0,0.9353049415546987,0.6112276829711856,-0.8754021651144355,0.07315966338845914,-0.737315938550575,-0.4759785205813434,-1.0,0.15481866912297054
168,1.0,-1.0,-0.9347355259821623,1.0,0.9442078654805142,0.6036647387101441,-0.9085272940261779,0.06358603439920563,-0.7288737118103551,-0.47784768676983835,-1.0,0.1609793998361274
169,1.0,-1.0,-0.9369482924908039,1.0,0.9528694727519699,0.5961956767431024,-0.9410917986030085,0.054641413624490265,-0.7204446535526386,-0.4797692481830098,-1.0,0.16725818104729634
170,1.0,-1.0,-0.9391112690454112,1.0,0.9612866525190737,0.5888397052747419,-0.973046002951609,0.046335495477613065,-0.7120306395940214,-0.4817426615394589,-1.0,0.17365298017102726
171,1.0,-1.0,-0.9412242964423408,1.0,0.969456381718925,0.5816157416746346,-1.0,0.03867728212930588,-0.7036335424031146,-0.4837673688977315,-1.0,0.18016172706421285
172,1.0,-1.0,-0.9432872191544064,1.0,0.9773757261614575,0.5745423638274001,-1.0,0.03167507375094636,-0.6952552306838444,-0.4858427978140647,-1.0,0.18678231469623863
173,1.0,-1.0,-0.9452998853423242,1.0,0.9850418415832665,0.567637762355913,-1.0,0.025336459518614518,-0.6868975689595868,-0.4879683615042336,-1.0,0.1935125998310796
174,1.0,-1.0,-0.94726214686589,1.0,0.9924519746691356,0.5609196938404362,-1.0,0.019668309387746552,-0.6785624171582342,-0.49014345900945155,-1.0,0.20035040372111335
175,1.0,-1.0,-0.9491738592948826,1.0,0.9996034640409023,0.5544054351539791,-1.0,0.014676766647298,-0.6702516301982829,-0.49236747536627923,-1.0,0.2072935128124313
176,1.0,-1.0,-0.9510348819196942,1.0,1.0,0.5481117390313226,-1.0,0.010367241261485804,-0.6619670575760369,-0.49463978178049284,-1.0,0.21433967946141574
177,1.0,-1.0,-0.9528450777616874,1.0,1.0,0.5420547909859691,-1.0,0.006744404006329141,-0.653710542954019,-0.4969597358048623,-1.0,0.22148662266235525
178,0.9981980481851649,-1.0,-0.9546043135832777,1.0,1.0,0.5362501676858202,-1.0,0.0038121814073404092,-0.6454839237506768,-0.49932668152078974,-1.0,0.2287320287858579
179,0.9854374472458319,-1.0,-0.9563124598977392,1.0,1.0,0.5307127968946218,-1.0,0.001573751483854191,-0.637289030731483,-0.5017399497237569,-1.0,0.23607355232782495
180,0.9725697246847508,-1.0,-0.9579693909787368,1.0,1.0,0.5254569190821966,-1.0,3.154030460661428e-05,-0.6291276876015123,-0.5041988581125291,-1.0,0.2435088166687464
181,0.9595985892128319,-1.0,-0.9595749848695795,1.0,1.0,0.520496050802196,-1.0,-0.0008127806417003169,-0.6210017105995911,-0.5067027114820609,-1.0,0.25103541484306563
182,0.9465277793464613,-1.0,-0.9611291233921965,1.0,1.0,0.5158429499315436,-1.0,-0.0009582962580024779,-0.6129129080941091,-0.5092508019200516,-1.0,0.25865091031837095
183,0.9333610623299935,-1.0,-0.9626316921558361,1.0,1.0,0.5115095828609756,-1.0,-0.00040484883067948285,-0.6048630801805828,-0.511842409007092,-1.0,0.2663528377841534
184,0.9201022330499603,-1.0,-0.9640825805654849,1.0,1.0,0.5075070937210416,-1.0,0.000846961799511492,-0.5968540182810576,-0.5144768000203486,-1.0,0.2741387039498893
185,0.9067551129413192,-1.0,-0.9654816818300086,1.0,1.0,0.5038457757227197,-1.0,0.002795778887557998,-0.5888875047454427,-0.5171532301407253,-1.0,0.28200598835217217
186,0.8933235488860443,-1.0,-0.9668288929700118,1.0,1.0,0.5005350446863391,-1.0,0.005439490254668833,-0.5809653124548637,-0.5198709426634457,-1.0,0.28995214417064596
187,0.8798114121043867,-1.0,-0.9681241148254179,1.0,1.0,0.49758341482689433,-1.0,0.008775230577507953,-0.5730892044271236,-0.522629169211995,-1.0,0.2979745990524675
188,0.8662225970391174,-1.0,-0.9693672520627676,1.0,1.0,0.4949984768580156,-1.0,0.012799384493706767,-0.5652609334243567,-0.5254271299553632,-1.0,0.3060707559450388
189,0.8525610202330787,-1.0,-0.9705582131822356,0.9908353512715617,1.0,0.4927868784709143,-1.0,0.017507590520288052,-0.5574822415629659,-0.5282640338285257,-1.0,0.31423799393672947
190,0.8388306192003656,-1.0,-0.9716969105243658,0.9693156793066157,1.0,0.49095430723849803,-1.0,0.022894745780755343,-0.549754859925931,-0.5311390787561003,-1.0,0.3224736691053287
191,0.8250353512914631,-1.0,-0.972783260276523,0.9476201615147715,1.0,0.4895054759886267,-1.0,0.028955011535723663,-0.5420805081775683,-0.5340514518791178,-1.0,0.3307751153739418
192,0.8111791925526662,-1.0,-0.9738171824790618,0.9257619903189584,1.0,0.4884441106841211,-1.0,0.03568181951109595,-0.534460894180836,-0.5370003297848398,-1.0,0.3391396453740609
193,0.7972661365801098,-1.0,-0.9747986010312127,0.9037544570469782,1.0,0.4877729408406955,-1.0,0.043067879016932764,-0.5268977136172609,-0.5399848787395631,-1.0,0.34756455131552777
194,0.7833001933687435,-1.0,-0.9757274436966826,0.8816109438494348,1.0,0.48749369250745545,-1.0,0.05110518484929005,-0.5193926496095809,-0.5430042549243391,-1.0,0.35604710586310784
195,0.7692853881565789,-1.0,-0.9766036421089717,0.8593449155624315,1.0,0.48760708382801343,-1.0,0.0597850259664674,-0.5119473723471795,-0.5460576046735464,-1.0,0.36458456301939035
196,0.7552257602645407,-1.0,-0.9774271317764057,0.8369699115199862,1.0,0.48811282319363664,-1.0,0.0690979949302647,-0.5045635387143979,-0.5491440647162474,-1.0,0.37317415901373086
197,0.7411253619322631,-0.9844239302782666,-0.9781978520868833,0.8144995373211527,1.0,0.4890096099931784,-1.0,0.07903399810200751,-0.4972427919218111,-0.5522627624202596,-1.0,0.38181311319694844
198,0.7269882571501598,-0.9544846046795541,-0.9789157463123365,0.7919474565568441,1.0,0.4902951379578627,-1.0,0.08958226658229562,-0.48998676114054335,-0.5554128160388748,-1.0,0.3904986289414844
199,0.71281852048811,-0.9243617977474105,-0.9795807616129063,0.7693273825013984,1.0,0.4919661010923212,-1.0,0.1007313678826175,-0.48279706113971116,-0.5585933349601535,-1.0,0.3992278945467348
